Trdmnt,RF,RM,MKT_RF,SMB,HML_EP,SL,SM,SH,BL,BM,BH,N_SL,N_SM,N_SH,N_BL,N_BM,N_BH
1992-07,0.006091999999999999,0.000752,-0.005339999999999999,,,-0.08310578662548301,0.354497,0.182979,,0.03339327302139297,0.086705,3,1,1,0,3,1
1992-08,0.006091999999999999,-0.153638,-0.15972999999999998,,,-0.2314103301973426,-0.279297,-0.080935,,-0.10707675787780516,-0.082447,3,1,1,0,3,1
1992-09,0.006091999999999999,-0.105012,-0.111104,,,-0.18777112345656588,-0.098916,0.007828,,-0.042268317962243375,0.037681,3,1,1,0,3,1
1992-10,0.006091999999999999,-0.210241,-0.216333,,,-0.33250357794745944,-0.254135,-0.165049,,-0.1603633387077949,-0.167598,3,1,1,0,3,1
1992-11,0.006091999999999999,0.211334,0.205242,,,0.46437140085544376,0.350806,-0.05813999999999999,,0.050874122463679394,-0.020134,3,1,1,0,3,1
1992-12,0.006091999999999999,0.180465,0.174373,,,0.07326941710607783,0.086566,0.180247,,0.10422100248157462,0.215753,3,1,1,0,3,1
1993-01,0.006091999999999999,0.456366,0.450274,,,0.4091151131418684,0.413462,0.131799,,0.16279302055188805,0.078873,3,1,1,0,3,1
1993-02,0.006091999999999999,0.151968,0.145876,,,0.15577311492369525,0.280855,0.297597,,0.11255823256628901,0.248042,3,1,1,0,3,1
1993-03,0.006091999999999999,-0.259728,-0.26582,,,-0.3139752627577077,-0.10470600000000001,-0.13960100000000003,,-0.12155396160400796,-0.046025,3,1,1,0,3,1
1993-04,0.006091999999999999,0.172072,0.16598000000000002,,,0.4808087663001366,0.439918,0.034768,,0.09255738271934844,0.095494,3,1,1,0,3,1
1993-05,0.007346,-0.271273,-0.278619,,,-0.27146742061963147,-0.264647,-0.137874,,-0.14810511415498612,-0.119134,3,1,1,0,3,1
1993-06,0.007346,0.040164,0.032818,,,0.018908139394601828,0.080451,-0.090909,,-0.061437730490858024,-0.11885200000000001,3,1,1,0,3,1
1993-07,0.008719,-0.163695,-0.172414,,,-0.042399281226947645,,,,-0.08209,0.014706000000000002,2,0,0,0,1,1
1993-08,0.008719,0.047176,0.038457000000000005,,,0.040210083705937406,,,,-0.038618,0.12318799999999999,2,0,0,0,1,1
1993-09,0.008719,-0.026604,-0.035323,,,0.24382042941111784,,,,-0.044397,-0.070968,2,0,0,0,1,1
1993-10,0.008719,-0.084586,-0.093305,,,0.17743496218163504,,,,-0.033186,-0.041667,2,0,0,0,1,1
1993-11,0.008719,0.167208,0.158489,,,0.13156031717472322,,,,0.016018,0.181159,2,0,0,0,1,1
1993-12,0.008719,-0.134264,-0.142983,,,-0.00017050312160067226,,,,0.006757000000000001,0.0,2,0,0,0,1,1
1994-01,0.008719,-0.101872,-0.11059100000000001,,,-0.17566880309479693,,,,-0.192394,-0.205521,2,0,0,0,1,1
1994-02,0.008719,0.007581,-0.0011379999999999993,,,0.07918838311895234,,,,0.00554,0.057915,2,0,0,0,1,1
1994-03,0.008719,-0.100372,-0.10909100000000001,,,-0.03131658199277929,,,,-0.170799,-0.178832,2,0,0,0,1,1
1994-04,0.008719,-0.159827,-0.168546,,,-0.16009195911057578,,,,0.062458,-0.084444,2,0,0,0,1,1
1994-05,0.008719,-0.062648,-0.071367,,,-0.0727956182263181,,,,-0.086929,-0.067961,2,0,0,0,1,1
1994-06,0.008719,-0.166252,-0.17497100000000002,,,-0.18753627338220272,,,,-0.079452,-0.074538,2,0,0,0,1,1
1994-07,0.008719,-0.277964,-0.28668299999999997,,,-0.22316070848303027,-0.11656529072998909,-0.175532,,-0.14452783652974108,-0.17027721481796212,4,2,1,0,4,2
1994-08,0.008719,1.199601,1.190882,,,0.8823207365593719,0.6906189960177483,0.8,,0.5601444757782514,0.5922560538002054,4,2,1,0,4,2
1994-09,0.008719,0.059006,0.050287000000000005,,,0.34553712645244905,0.0708222671523855,0.23655899999999996,,0.15621572030107658,0.043625733790276885,4,2,1,0,4,2
1994-10,0.008719,-0.190591,-0.19931000000000001,,,-0.18250762510451826,-0.10383940857514498,-0.217391,,-0.22506162914151645,-0.23775915242726972,4,2,1,0,4,2
1994-11,0.008719,0.039206,0.030487,,,-0.026469716891477712,0.00536305507967157,-0.0037039999999999994,,-0.0007433164705330507,-0.02824732961277371,4,2,1,0,4,2
1994-12,0.008719,-0.054724,-0.063443,,,0.017414078762532474,-0.10024604582454319,-0.046468,,-0.06076617532361364,-0.05466920152948305,4,2,1,0,4,2
1995-01,0.008719,-0.125162,-0.133881,,,-0.18467247624273098,-0.15802539439289437,-0.118908,,-0.04362830828348764,-0.0894734028052262,4,2,1,0,4,2
1995-02,0.008719,-0.016772,-0.025491,,,0.01753987755311356,-0.0061288686244727565,0.015487,,0.012310144653955477,-0.005526247766255901,4,2,1,0,4,2
1995-03,0.008719,0.152571,0.143852,,,0.1417518409543237,0.1400394080064659,0.089325,,0.030380554363187286,0.03702918857453223,4,2,1,0,4,2
1995-04,0.008719,-0.100792,-0.10951100000000001,,,-0.11173542247110504,-0.14384788595762513,-0.136,,-0.0824618701602206,-0.11632564478239839,4,2,1,0,4,2
1995-05,0.008719,0.18584,0.177121,,,0.15085719205815157,0.044918112301233916,0.092593,,0.03361962847963515,0.003846248112444305,4,2,1,0,4,2
1995-06,0.008719,-0.091822,-0.100541,,,-0.07646474411628826,-0.06811527051244957,-0.067797,,-0.0727297881506084,-0.08205937832427329,4,2,1,0,4,2
1995-07,0.008719,0.085736,0.077017,-0.01747844739081108,0.021551488380871647,0.05568416741356092,0.03767226466292212,0.07631357983680456,0.0635055962981725,0.07262059715087618,0.08597916063667216,44,65,34,42,49,51
1995-08,0.008719,0.046407,0.037688,-0.017876666261191533,0.11547492305321685,0.002948737984065895,0.019143739534173806,0.08394317758059944,-0.030370186317703985,0.07045062000792154,0.1195852201921962,44,65,34,42,49,51
1995-09,0.008719,-0.004147,-0.012865999999999999,-0.006822028405601876,0.06704591350607583,-0.026374231007722303,-0.008944372520869555,0.01330296693990956,-0.05201042304069578,0.008056665644995081,0.042404206023824026,44,65,34,42,49,50
1995-10,0.008719,0.004456,-0.004262999999999999,0.009118711978147911,0.007081895898000502,0.028272370693206636,0.011517907039007642,0.0022148743961161047,-0.011518668843618185,-0.0025349342119685265,0.02870261924947335,44,65,34,42,49,50
1995-11,0.008719,-0.093218,-0.101937,0.009365463198719434,-0.0517335968877506,-0.055567023304699585,-0.06608119990153802,-0.08915353761770681,-0.0355626622000797,-0.09789214655744935,-0.10544334166257369,44,65,34,42,49,51
1995-12,0.008719,-0.12401,-0.13272899999999999,0.007085176898887824,0.020823563697480896,-0.12385377512669983,-0.10642722046805995,-0.1040652566433512,-0.13016398646725766,-0.1171324189118723,-0.1083053775556445,44,65,34,42,49,51
1996-01,0.008719,-0.037488,-0.046207,0.00752629081925546,0.057991722094860754,-0.057369971139485984,-0.028400537190740396,-0.016402294232930718,-0.07786110866632613,-0.044045224971437466,-0.0028453413831598965,44,65,34,42,49,51
1996-02,0.008719,0.029781,0.021061999999999997,-0.013825623755990404,-0.012449793855165474,0.03178976703480187,0.02424012000504248,0.007474695781145847,0.04236606335308435,0.020833843839467625,0.041781546896409436,44,65,34,42,49,51
1996-03,0.008719,0.006676,-0.0020429999999999997,-0.0034041996581766587,0.0029892574280075104,0.0015391135006656517,0.0035969737338875972,-0.006926756306342361,-0.0034967475292489174,0.0009710402982156653,0.010947637133774116,44,65,34,42,49,51
1996-04,0.008719,0.294034,0.28531500000000004,0.025984006759325162,0.07127654236198316,0.292745723944166,0.3466719142917378,0.3269926347796478,0.22659979106885653,0.32695249671137855,0.33490596495734104,44,65,34,42,49,51
1996-05,0.007346,-0.03048,-0.037826,-0.05718518897237283,0.1517417243249472,-0.11668294752905888,-0.10149315667966233,-0.01579132956702847,-0.10208957413343887,-0.06082454927961746,0.10050225655442512,44,65,34,42,49,51
1996-06,0.007346,0.240369,0.233023,-0.1400737535777537,0.13489921934529178,0.0950109716677508,0.1050183823948352,0.201469309468325,0.12739031931827716,0.4035991847376085,0.2907304202082865,44,65,34,42,49,51
1996-07,0.007346,0.123955,0.11660899999999999,0.14728328891494274,0.0874442234396009,0.2121392044776173,0.18861380698894786,0.29625340504475534,0.054582587047338225,0.05521712935975207,0.14535683335940197,57,68,21,31,48,66
1996-08,0.006022,-0.002064,-0.008086,-0.021407408075039,0.08773731249448892,-0.09048094843879544,-0.031313624000680405,0.05934983622917109,-0.017229159796372268,0.010591967286545455,0.008414680524639047,57,68,21,31,48,66
1996-09,0.006022,0.063073,0.057051000000000004,-0.028029830874969637,-0.011242172321515594,0.0445873816817143,0.03327262104696235,0.05414769079200472,0.08266569879765714,0.08281044230359759,0.050621045044335546,56,68,21,31,48,66
1996-10,0.006022,0.201707,0.195685,0.15031874944483378,-0.04196338429630625,0.3192123989606593,0.3754512027139019,0.3069607861070599,0.23679680501503358,0.14874968515606576,0.1651216492760205,57,68,21,31,48,66
1996-11,0.006022,0.078422,0.0724,0.07898305414110382,0.03262749187292105,0.1134680862715284,0.12773170158071273,0.17398658155610527,0.05069106881717501,0.07211858088941973,0.05542755727844024,57,68,21,31,48,66
1996-12,0.006022,-0.172235,-0.178257,-0.05224545812020334,0.0789362239405823,-0.26782492529103497,-0.25113444658452283,-0.18484275979746037,-0.19682381394960732,-0.2283084118007835,-0.12193353156201732,57,68,21,31,48,66
1997-01,0.006022,0.068688,0.062666,0.03721100665395877,0.006524983796844214,0.09078975008105603,0.12667425090331502,0.10683266950256474,0.07661226416655259,0.06243207401977458,0.0736193123387323,57,68,21,31,48,66
1997-02,0.006022,0.057548,0.051526,0.00769431263075776,-0.07444557488021183,0.12879977798952982,0.08621090265430188,0.028043735823335605,0.09320227504397807,0.08170203608116733,0.04506716744974861,57,68,21,31,48,66
1997-03,0.006022,0.192075,0.186053,0.02918025147862846,0.04865171252247741,0.1829701339440332,0.23609204120581112,0.20144230285226378,0.13784115828847965,0.17845015085253915,0.21667241442520388,57,68,21,30,48,66
1997-04,0.006022,0.098318,0.092296,-0.03890153550382279,0.10497853649445998,-0.00953827493981773,0.11177902129167736,0.12738792179702807,0.0800516742502068,0.11319904990786828,0.15308255050228098,57,68,21,30,48,66
1997-05,0.006022,-0.084362,-0.090384,-0.038225643186535305,0.0455819969092134,-0.15326622967276823,-0.1032116659518606,-0.106919147261676,-0.08178371579804677,-0.12996959313793993,-0.03696680439071219,57,68,21,30,48,66
1997-06,0.006022,0.000913,-0.005109,0.005041378912952764,0.03603679540462133,-0.0007788071288335264,0.006165402060347631,0.0007186164436342738,-0.049627315142195504,0.019659537683906235,0.02094885209457936,57,68,21,30,48,66
1997-07,0.006022,-0.066254,-0.07227599999999999,0.045756570311459535,-0.012844363297569987,-0.028530391481127997,-0.012274315918241057,-0.03870516034384429,-0.06665138605830866,-0.06796284882855097,-0.08216534379073234,92,100,35,44,82,100
1997-08,0.006022,-0.006532,-0.012554,0.02491644696751101,-0.05403424142670386,0.05461441001487298,-0.004667086529459392,0.042404060884296074,0.06128491925473436,-0.009109661319461261,-0.034573214468096476,92,100,35,44,82,100
1997-09,0.006022,-0.107803,-0.113825,0.0038798432005548444,-0.02572679498434352,-0.08338823139032069,-0.11127850945531281,-0.13033157751470986,-0.11636658041000725,-0.09939444329769552,-0.12087682425430513,92,100,35,44,82,100
1997-10,0.004606,0.135003,0.130397,-0.04151993615261085,0.03869569795960685,0.0733185068511072,0.08394670484702758,0.08303908144892391,0.08671892287150172,0.12375543454049079,0.15438974419289872,92,100,35,44,82,100
1997-11,0.004606,-0.046325,-0.050931,0.022713343611559057,0.006864000414429146,-0.02403253656730932,-0.027754217517653234,-0.036054414999811275,-0.07082687526940576,-0.04007732864199973,-0.04507699600804551,92,100,35,44,82,100
1997-12,0.004606,0.043717,0.039111,0.0669019850127845,0.02976817178063284,0.0817252600942894,0.08424778891663308,0.05443196404783653,-0.04729460157254527,0.02745862155777749,0.03953503803517329,92,100,35,44,82,100
1998-01,0.004606,0.019986,0.015380000000000001,0.030112044320551028,0.0015488903698158765,0.05643919277842873,0.04101435756628791,0.028353254043945342,0.00040686564386933243,0.003473220665155095,0.031590585117984474,92,100,35,44,82,100
1998-02,0.004606,-0.022234,-0.02684,0.033294805579162146,-0.0286001386117856,0.02740801948046361,-0.0036592536900578983,0.03338104131453158,0.01829221971146416,-0.016165749997838305,-0.04488107934617501,92,100,35,44,82,100
1998-03,0.004249,0.023757,0.019508,0.047243892438675016,-0.029355377532182644,0.10289030524207983,0.03373524854915483,0.052385710149935115,0.0082710795524254,0.038943587492514524,6.49195802048254e-05,92,100,35,44,82,100
1998-04,0.004249,0.089083,0.08483399999999999,0.07443174676472618,-0.019543865135644364,0.13437926259071561,0.17264082465694625,0.11096592717905976,0.0630732922475154,0.08421858449714521,0.04739889738788253,92,100,35,44,82,100
1998-05,0.004249,0.05492,0.050670999999999994,0.051380785484608185,-0.06678677151344935,0.13125375887476662,0.11113833976907969,0.10314042342407759,0.12178716612288536,0.05327604094453832,0.016326958546675676,92,100,35,44,82,100
1998-06,0.004249,-0.060283,-0.064532,0.002319825109299692,-0.00033958934959621434,-0.08708916139851461,-0.04789645802776055,-0.07575845462561422,-0.07369237117611,-0.058308921555475665,-0.08570225664820282,89,97,35,43,81,100
1998-07,0.003891,-0.014238,-0.018129,0.010113830669046845,0.005182143874546338,0.0014333442757708261,-0.015583769497899889,-0.013201411530692889,-0.0333693370235394,-0.015953698268440085,-0.008370293467983009,123,137,74,78,130,126
1998-08,0.003891,-0.127299,-0.13119,0.024415780082489263,-0.008942185891038096,-0.10106211052477937,-0.12019329546895699,-0.1036490110223519,-0.1301745284352651,-0.12250522910852218,-0.14547199971976876,123,137,74,78,130,126
1998-09,0.003891,0.079515,0.075624,0.073935695940703,-0.014185647304761143,0.12663175922657854,0.15181343723071913,0.13353035866251814,0.08447219075118065,0.05649397984080738,0.049202296705718775,122,137,74,78,130,126
1998-10,0.003891,-0.011797,-0.015688,0.0429081538634577,-0.00641828037600597,0.016296836041531728,0.03299534188067054,0.0024761903381391452,-0.03258702707105043,-0.0127661241393115,-0.03160294211966978,122,137,74,78,130,126
1998-11,0.003891,0.021069,0.017178000000000002,-0.021365426684638228,0.00513562749466826,-0.003836709759870814,0.00766506047557007,0.003359694699344493,0.02428201561866211,0.019645443701513002,0.027356866148783326,122,137,74,78,130,126
1998-12,0.003097,-0.081349,-0.08444600000000001,-0.021418706723888084,0.010172891051195954,-0.10969331853333067,-0.09477551494423736,-0.09538726880020658,-0.08035219122435326,-0.08093533202667165,-0.07431245885508543,122,137,74,78,130,126
1999-01,0.003097,-0.010077,-0.013173999999999998,0.023981961635875435,0.024759185448467103,-0.011050261302656973,0.013865011354192037,0.019097175535993858,-0.027737543854381982,-0.013929805669616789,-0.008366609796098606,122,137,74,78,130,126
1999-02,0.003097,-0.043363,-0.04646,0.006522577191001536,-0.007108142746318401,-0.036845834283224514,-0.03410974451462234,-0.03886893914923417,-0.032429841773271226,-0.05233938534691606,-0.04462302239989836,122,137,74,78,130,126
1999-03,0.003097,0.067116,0.06401899999999999,0.06709789749318007,-0.02813706168498363,0.1495930594222552,0.09464430919590874,0.10221800611912686,0.05255619882713942,0.04894835467031075,0.043657128760300486,122,137,74,78,130,126
1999-04,0.003097,-0.034771,-0.037868000000000006,-0.000688557870862791,0.010949789328413735,-0.03809687693300344,-0.04053867794979713,-0.026288645988331586,-0.04620315776872982,-0.020543559433239787,-0.03611181005657419,122,137,74,78,130,126
1999-05,0.003097,0.120887,0.11778999999999999,-0.04549289051757972,-0.033786239370099364,0.10132509892487046,0.08372635547167234,0.10406909413238202,0.1791434217604192,0.1376288505085359,0.1088269478127089,122,137,74,78,130,126
1999-06,0.0018559999999999998,0.338397,0.336541,-0.027306269518258985,0.012693314166456304,0.3104541258372292,0.2944519504498217,0.3566732265946744,0.3805113037369082,0.30330797638721835,0.35967883131237566,122,137,74,78,130,126
1999-07,0.0018559999999999998,-0.056682,-0.058538,0.0257977794151047,0.02461712925264159,-0.0596454530524198,-0.04114793335029582,-0.03338037646405325,-0.08788270330517428,-0.05877087641865102,-0.06491352138825766,135,168,64,85,126,155
1999-08,0.0018559999999999998,0.009281,0.007424999999999999,0.05049683597704895,-0.02355752525923481,0.06417781780895482,0.042939277898870296,0.037274293312210625,0.014955865290056426,-0.016799323469498542,-0.005255660731669003,135,168,64,85,126,155
1999-09,0.0018559999999999998,-0.026651,-0.028507,0.005153798500486553,-0.009127602387039219,-0.017177908010677,-0.026658070909257765,-0.03117074549147221,-0.033561887902539035,-0.019081976814505335,-0.037824255195822255,135,168,64,85,126,155
1999-10,0.0018559999999999998,-0.044471,-0.04632699999999999,0.021518297276714317,-0.009440743721558197,-0.025784374626925243,-0.02760399688593051,-0.033248156588288925,-0.04284128644047009,-0.05409114156859473,-0.0542589919222228,135,168,64,85,126,155
1999-11,0.0018559999999999998,-0.04198,-0.043836,0.02677119417013707,-0.013085370212615157,-0.02317250501188947,-0.014739596371729901,-0.027116948008846807,-0.031544688738948536,-0.06002695699670733,-0.05377098616722152,135,168,64,85,126,155
1999-12,0.0018559999999999998,-0.049834,-0.05169,-0.0108324673478125,0.007780502493100971,-0.06581986405671077,-0.05648101855811601,-0.0485767411368892,-0.04600618640291044,-0.04468573096883798,-0.04768830433653007,135,168,64,85,126,155
2000-01,0.0018559999999999998,0.14104,0.139184,0.011353793104364629,-0.007172492647152223,0.15881170824139407,0.17677407374469234,0.14291085427926695,0.13131857829963378,0.18024223168516929,0.13287444696745646,135,168,64,85,126,155
2000-02,0.0018559999999999998,0.118925,0.117069,0.007205044814258543,-0.07453089598762067,0.1542189430026611,0.14942232696163524,0.11835230957392791,0.20197077940936956,0.10963204482321774,0.08877562086286137,135,168,64,85,126,155
2000-03,0.0018559999999999998,0.060724,0.058868000000000004,0.06844841047603092,0.0031503348525277475,0.09665376996833282,0.09567626508416076,0.10845895663215019,0.03623684635657411,0.028474584502164585,0.030732329397812237,135,168,64,85,126,155
2000-04,0.0018559999999999998,0.016872,0.015016000000000002,-0.00041858551037736794,0.010215301905558864,0.007620855472852638,0.02613946213471091,0.013836536304403202,0.012098642862337566,0.010440401738856553,0.02631356584190473,135,168,64,85,126,155
2000-05,0.0018559999999999998,0.029474,0.027618,0.03384907575624229,0.008734534389481165,0.05825635639157003,0.04853082402937705,0.04059736397515932,-0.001031830452157174,0.012772916836320836,0.03409623074321586,135,168,64,85,126,155
2000-06,0.0018559999999999998,0.02422,0.022364,-0.01820185132269487,0.02731495106580712,0.004372403047823458,0.014302020608945485,0.01063049991248797,0.0018882362265067144,0.03176219981737834,0.05026004149345645,135,168,64,85,126,155
2000-07,0.0018559999999999998,0.045888,0.044032,0.01577460382692545,0.020521245087313046,0.04901632918225044,0.050137668035794815,0.060285434375159784,0.02317367543586009,0.03599488425899176,0.052947060417576845,161,173,84,90,161,166
2000-08,0.0018559999999999998,-0.005527,-0.007383,0.027814122037433373,-0.02644153814762718,0.03218120917869689,0.004761460736880835,-0.01211613173291381,-0.01777354706240556,-0.014482998421181437,-0.026359282446049213,161,173,84,90,161,166
2000-09,0.0018559999999999998,-0.048266,-0.050122,0.0267510616230311,-0.011038288197614952,-0.029540408078483224,-0.026972291966085162,-0.03465502941387547,-0.052225348768335095,-0.050008261731029284,-0.06918730382817276,161,173,84,90,161,166
2000-10,0.0018559999999999998,0.025387,0.023531,0.03697128755139467,-0.00030618829348742077,0.05581361817645571,0.04758903326872336,0.04633246203393198,0.01030228704528483,0.009347897178808516,0.019171066600833713,161,173,84,90,161,166
2000-11,0.0018559999999999998,0.056832,0.054976000000000004,0.012857775849640735,-0.0008977017222177308,0.07186742167980553,0.07340585528795382,0.05635034496916986,0.04977955555373916,0.049769510014328444,0.06350122881993939,161,173,84,90,161,166
2000-12,0.0018559999999999998,-0.001768,-0.0036239999999999996,0.027504133361439448,0.007717374699651685,0.010371274617154445,0.017053181079895344,0.013122425665621844,-0.0191355866715741,-0.01637794372933448,-0.006451988320738132,161,173,84,90,161,166
2001-01,0.0018559999999999998,-0.008404,-0.01026,0.0005518768930601048,0.030363673837065668,-0.03002631334457832,-0.0051837496105496175,0.007877979852306347,-0.013540654876089615,-0.024729458507069344,0.009282399601157051,161,173,84,90,161,166
2001-02,0.0018559999999999998,-0.058702,-0.060557999999999994,-0.003113613094420195,0.031882125452533286,-0.07822328636095036,-0.05228851700735448,-0.0528588484477688,-0.07205596520220976,-0.06831769512027853,-0.03365615221032475,161,173,84,90,161,166
2001-03,0.0018559999999999998,0.072475,0.070619,0.022209747389455026,-0.002176849448829024,0.09438047333080532,0.08664060077432285,0.08394848417649448,0.05917022678977127,0.07392157227706218,0.06524851704642406,161,173,84,90,161,166
2001-04,0.0018559999999999998,-0.005346,-0.007202,0.023428837716729177,-0.032377387338444724,0.02791982900962394,0.0044437405310844445,-0.0005462330503208002,0.009687810555569321,-0.02155608515399389,-0.02660090206137538,161,173,84,90,161,166
2001-05,0.0018559999999999998,0.036492,0.034636,0.051936082997421085,-0.019019687129291238,0.08327431531920072,0.06738108889913366,0.06254852078308422,0.02368088089545773,0.027347493940705833,0.006367301172991759,160,173,84,90,161,166
2001-06,0.0018559999999999998,0.006404,0.004548,0.009923516861742315,0.01712003054073223,-0.0032036150477929345,0.011530385792164005,0.01228860026194324,-0.007884462031947695,-0.012134101286745538,0.010863383739780599,161,173,84,90,161,166
2001-07,0.0018559999999999998,-0.132199,-0.134055,-0.0060570201949147195,0.0011701973402382104,-0.13859495434213615,-0.13616133670665792,-0.13415147024260377,-0.13296069402173097,-0.12271222324413579,-0.13506378344078696,189,198,82,93,176,199
2001-08,0.0018559999999999998,-0.036113,-0.037968999999999996,0.013351003614074913,-0.0019438815247119906,-0.022865936366318194,-0.03266569322646415,-0.033154868948927635,-0.04471742227549861,-0.04570583436612295,-0.03831625274231316,189,198,82,93,176,199
2001-09,0.0018559999999999998,-0.04807,-0.049926,-0.014575706321232208,0.007170651895534501,-0.0636985785137637,-0.05732466054604869,-0.056305765687827004,-0.04986884430381343,-0.04081268814144823,-0.04292035333868112,189,198,82,93,176,199
2001-10,0.0018559999999999998,-0.04784,-0.049696,-0.023504044689512178,0.0004407734720996148,-0.06262434737905899,-0.06984369843211496,-0.058399072887723225,-0.035706748381973845,-0.045597760319276426,-0.039050475929110366,189,198,82,93,176,199
2001-11,0.0018559999999999998,0.037023,0.035167000000000004,0.02116733461158129,0.002100293000829437,0.054197873780662674,0.05595073505633988,0.056679807896630297,0.03476712546377878,0.032073510085640175,0.03648577734947003,189,198,82,93,176,199
2001-12,0.0018559999999999998,-0.061669,-0.063525,-0.00308841157193622,0.03796881125732039,-0.08378251735011169,-0.06586662096512104,-0.04638977172228255,-0.07691012148889953,-0.07149830923071919,-0.038365244602087886,189,198,82,93,176,199
2002-01,0.0018559999999999998,-0.100454,-0.10231,-0.026626645019749623,0.033017809616924215,-0.14514937011062168,-0.12811651155167028,-0.10382708802714831,-0.11439784379086929,-0.09313068419882793,-0.08968450664049421,189,198,82,93,176,199
2002-02,0.0016350000000000002,0.026614,0.024978999999999998,0.007797398913513848,-0.004713297384508049,0.03625896462252637,0.02752136797831505,0.02860597880380882,0.025805441100088516,0.01915684141423019,0.024031832149789975,189,198,82,93,176,199
2002-03,0.0016350000000000002,0.06055,0.058915,0.015405329243714919,-0.023377219310925144,0.091579727023854,0.08330088124892406,0.06515499163820818,0.07368585799803003,0.06677759941998591,0.05335615476182558,189,198,82,93,176,199
2002-04,0.0016350000000000002,0.042395,0.040760000000000005,0.021090092134051393,-0.013606824438299372,0.06793429833475025,0.05425389743829232,0.056608667835012984,0.04831114756146505,0.03479231045983276,0.03242312918460357,189,198,82,93,176,199
2002-05,0.0016350000000000002,-0.086186,-0.087821,-0.006954159162153348,-0.023757728950145995,-0.07566529610371324,-0.08796732896492168,-0.10104322122449078,-0.06852793119246664,-0.0846199736422179,-0.0906654639719811,188,198,81,93,175,198
2002-06,0.0016350000000000002,0.142664,0.14102900000000002,-0.04065426535886217,0.017811162028280772,0.08971573930924723,0.1060393449232532,0.11429353440590186,0.14584942203562706,0.12926804168382774,0.15689395099553397,188,198,81,93,175,197
2002-07,0.0016350000000000002,-0.043462,-0.045097,0.010075931848741653,-0.005518530723745446,-0.035166111602257535,-0.03566661309182918,-0.02017756514322274,-0.02842263189644507,-0.038367213684118606,-0.054448239802970755,197,205,85,96,184,207
2002-08,0.0016350000000000002,0.009449,0.007814000000000002,0.0055710349532112,0.011235990005004933,0.007805176631077439,0.01658297812552497,0.017163687205376862,0.003199201478985934,0.005326864708663355,0.01631267091469638,197,205,85,96,184,207
2002-09,0.0016350000000000002,-0.053471,-0.055105999999999995,-0.0009235160333289014,0.0025615795741897873,-0.05612399085522388,-0.049729058765236624,-0.05035264640948705,-0.04986181777943824,-0.05306332707372713,-0.05051000307679549,197,205,85,96,184,207
2002-10,0.0016350000000000002,-0.050734,-0.052369,-0.01391352351876414,0.00015227105251580664,-0.06357607780106637,-0.06260091489198165,-0.04904317691749743,-0.03641704885635303,-0.04641714256300964,-0.050645407634890366,195,205,85,95,184,207
2002-11,0.0016350000000000002,-0.057008,-0.058643,-0.03197768540629924,0.016401029827400423,-0.08359937769461007,-0.08824498174326795,-0.07540013009220808,-0.0625151147392217,-0.050884015885143824,-0.03791230268682283,195,205,85,95,184,207
2002-12,0.0016350000000000002,-0.052641,-0.054276,0.003722616181928075,0.006677699756596031,-0.04692950461378408,-0.05447506227024969,-0.04184592444245799,-0.05571449249728025,-0.05126117421958146,-0.0474426731554143,195,205,85,96,184,207
2003-01,0.0016350000000000002,0.099691,0.098056,-0.0016184759402420174,-0.00362965182213576,0.09366571452715239,0.09734867352079567,0.08069000073445583,0.09292062510153486,0.08500215625163518,0.0986370352499599,195,205,85,96,184,207
2003-02,0.0016350000000000002,0.008816,0.007180999999999999,0.009126454236432019,-0.004173946815465287,0.01973678365617412,0.016556925721631578,0.015713043086864612,0.013209056620419289,0.002533429576156742,0.008884903558798217,194,205,85,96,184,207
2003-03,0.0016350000000000002,-0.006821,-0.008456,-0.020098662458680746,0.030146694150178763,-0.03858360474381815,-0.029865396732750096,-0.008508837275046865,-0.014782426487262149,-0.017315619232634815,0.015436194344324089,195,205,85,96,184,207
2003-04,0.0016350000000000002,-0.002774,-0.004409,-0.04271665166766302,0.06094670201718243,-0.07111074790386811,-0.04791999651438539,-0.01475578451879886,-0.034209556890074704,-0.002755900803209476,0.0313288837592209,195,205,85,95,184,207
2003-05,0.0016350000000000002,0.042473,0.040838,-0.013918854729682115,-0.004860909938952676,0.03379719705847651,0.03046051855670257,0.032975087705332924,0.05321913327592133,0.04145081148247747,0.04431942275115956,195,205,85,95,184,206
2003-06,0.0016350000000000002,-0.061289,-0.06292400000000001,-0.004591360969296784,0.018910398884527037,-0.06743720544372606,-0.0706576752145759,-0.0740367890506503,-0.09066013231292734,-0.0614577035511855,-0.04623975093694904,197,205,85,95,184,207
2003-07,0.0016350000000000002,-0.010819,-0.012454,-0.03084579293593634,0.03095283933460693,-0.046734299558080845,-0.04398513435674295,-0.026426016302969035,-0.029255808962564186,-0.007693848898957496,0.012341586451537866,196,244,71,111,164,235
2003-08,0.0016350000000000002,-0.033627,-0.035261999999999995,0.016689709709637627,-0.008848473655263246,-0.015950111973439495,-0.026801667844363875,-0.012464449848462572,-0.020761276477584092,-0.04258019640450723,-0.04194388591308751,196,244,71,111,164,235
2003-09,0.0016350000000000002,-0.042782,-0.044417,-0.0019041446108227222,0.003493724734851128,-0.04472602204952648,-0.05428891412196197,-0.0396363312623771,-0.04136965660842005,-0.05209727906711016,-0.039471897925867167,196,244,71,111,164,235
2003-10,0.0016350000000000002,-0.022683,-0.024318,-0.044123606094212044,0.08629057256095903,-0.10332654645137687,-0.08306529251282688,-0.041673493810852745,-0.07477475606038442,-0.05707309485304547,0.0361533364210095,196,244,71,111,164,234
2003-11,0.0016350000000000002,0.025833,0.024197999999999997,-0.016650201798060142,0.002233333608609573,0.01461573101231912,0.02350027776795781,0.006048290298978966,0.022966371009476665,0.03514805452392368,0.03600047894003597,196,244,71,111,164,234
2003-12,0.0016350000000000002,0.057192,0.055557,-0.06111920433337485,0.0964433965743675,-0.051248091601431206,-0.02260310489250499,0.022827165947243145,-0.008057933794409756,0.02963791444219033,0.1107536018056509,196,244,71,111,164,234
2004-01,0.0016350000000000002,0.063845,0.06221,0.02765963699420798,-0.01451028079148968,0.0946490875013523,0.09788360001974576,0.07823163585452185,0.06484482248775447,0.0706988773536359,0.05224171255160557,196,244,71,111,164,234
2004-02,0.0016350000000000002,0.064924,0.063289,0.027193398533714677,-0.033564753949499496,0.10679178703561781,0.09383518262770046,0.08684541328057392,0.08761292987774501,0.07784946173121327,0.0404297957337899,196,244,71,111,164,233
2004-03,0.0016350000000000002,0.037788,0.036153000000000005,0.017242239874264858,0.0142385782797672,0.05150215674619027,0.05056390633636004,0.039037572445218445,0.010134555267167049,0.028166064510133842,0.05107629612767328,196,244,71,111,164,233
2004-04,0.0016350000000000002,-0.092837,-0.094472,0.014666552526146681,0.05437273029159187,-0.11516309050027948,-0.0850798637548272,-0.07883248622405684,-0.15027506808515478,-0.09493981819425511,-0.07786021177819373,196,244,71,111,164,233
2004-05,0.0016350000000000002,-0.023122,-0.024757,0.010847524364654993,-0.02519020260613406,0.014399936856480621,-0.01553769949305529,-0.030430559613446366,-0.019399636620587562,-0.019761713360469748,-0.0249495453629287,195,244,71,111,163,232
2004-06,0.0016350000000000002,-0.101779,-0.10341399999999999,-0.01899357575951932,0.04155207370883851,-0.14901881123832078,-0.12510072326523408,-0.10936651347896352,-0.1253901161515302,-0.11917693805921976,-0.08193826649321045,195,244,71,111,163,233
2004-07,0.0016350000000000002,-0.008297,-0.009932,-0.03226276147240217,0.012539546768716653,-0.04220636505381294,-0.036244844428844875,-0.009515043673989736,0.007039182726581534,0.002355893649785776,-0.0005730451158083644,223,235,93,108,205,237
2004-08,0.0016350000000000002,-0.037501,-0.039136,-0.004660696834457259,0.03569956972245557,-0.056984653896692515,-0.05374479506773083,-0.027015607757441513,-0.05767719081531359,-0.049838677893526,-0.01624709750965346,223,235,93,108,204,237
2004-09,0.0016350000000000002,0.048605,0.046970000000000005,0.005066164366437177,0.029633116656674265,0.03452602895443009,0.04349350243368758,0.057549144727845475,0.022545536530932945,0.039035992414852574,0.058788654070866087,223,235,92,108,204,237
2004-10,0.0018559999999999998,-0.054967,-0.056823,-0.01138812394035172,0.04632842777000574,-0.10123189083570333,-0.06837786037018331,-0.02549234031535118,-0.06875195256135153,-0.04035111959713894,-0.0518346475416922,223,235,92,108,204,237
2004-11,0.0018559999999999998,0.016995,0.015139,0.025914337875035016,-0.05168708142453062,0.07471316957105939,0.04342264932922552,0.027816842584558403,0.052460519080914855,0.019766445560468814,-0.004017316781645386,223,235,93,108,203,237
2004-12,0.0018559999999999998,-0.061204,-0.06306,-0.01647746367688402,0.03306950203635366,-0.09891877517360136,-0.07299497688001708,-0.06832673226353415,-0.08070626753279482,-0.06494251938355104,-0.045159306370154716,223,235,93,108,205,237
2005-01,0.0018559999999999998,-0.060613,-0.062469,-0.006334521325311038,0.01621472865917127,-0.06049110190999946,-0.08457237597874202,-0.07396413431845687,-0.09081303692390104,-0.06430046411026309,-0.04491054719710109,223,235,93,108,205,237
2005-02,0.0018559999999999998,0.096232,0.094376,0.014473594024409883,0.009376816267085475,0.0996382230041031,0.1050814642449774,0.1108694039244367,0.08757452092714565,0.08949681563215886,0.09509697254098302,223,235,93,108,205,237
2005-03,0.0018559999999999998,-0.096957,-0.098813,-0.019836228636777545,0.056087493315731596,-0.1413095722515011,-0.13499478227815628,-0.10435483599377467,-0.14179705924483488,-0.11277663649716646,-0.0665768088710981,223,235,93,108,205,237
2005-04,0.0018559999999999998,-0.026668,-0.028524,-0.03313735384342014,0.10523319844198115,-0.1279207042235049,-0.0774977947583214,-0.008488736768914464,-0.0861938936536327,-0.033141816342586804,0.004840535775739141,223,235,93,108,205,237
2005-05,0.0018559999999999998,-0.079008,-0.08086399999999999,0.023539575464858305,-0.0712251612080921,-0.009618216860399731,-0.03566430235815919,-0.07264548426419361,-0.03285252072942518,-0.043418633406086746,-0.11227557574181551,222,233,92,108,204,237
2005-06,0.0018559999999999998,0.021338,0.019482,-0.008719970674715641,0.05231045228639459,-0.0196765247080789,-0.00043597904281512636,0.01550972699880589,-0.03160542706499716,0.015333336536148715,0.03782922580090723,223,233,92,108,205,237
2005-07,0.0018559999999999998,-0.002172,-0.0040279999999999995,-0.0630264238827003,0.07941252340041147,-0.09597560023417856,-0.0858821989706279,-0.04555662150470703,-0.07126366107102952,-0.004213894990704994,0.0371424070003219,237,254,95,115,215,256
2005-08,0.0018559999999999998,0.08808,0.08622400000000001,0.0787652950333791,-0.054467667462707064,0.18864478619279343,0.16825048554274302,0.1491778328755977,0.1324319994197928,0.0743816022796296,0.06296361781157442,237,253,93,114,215,256
2005-09,0.0018559999999999998,-0.000958,-0.0028139999999999997,0.024050975111183457,-0.002591484122075341,0.014957156906809604,0.027505296534282686,0.0293893402685887,0.008859491710351351,0.0015950365613576964,-0.010755659895578426,236,253,95,115,215,256
2005-10,0.0018559999999999998,-0.052819,-0.054674999999999994,-0.008004836968936939,0.009670040644394903,-0.07308868103946224,-0.05036820498346073,-0.05393180359936141,-0.0524288102251275,-0.048699762113907544,-0.05224560637643853,236,251,95,115,214,253
2005-11,0.0018559999999999998,0.004075,0.0022189999999999996,0.015948417645244826,-0.006503658853492706,0.01719018612566988,0.02385166157167926,0.012396568814654322,0.012933926141856617,-0.012060988311474395,0.004720225745886761,236,254,95,114,214,255
2005-12,0.0018559999999999998,0.059419,0.057563,-0.03421978925299152,0.049001769793285195,-0.00030732649630407755,0.020863542856322657,0.03739403602691949,0.027380652430381527,0.045546138221802736,0.08768282949372834,234,252,95,114,214,252
2006-01,0.0018559999999999998,0.091074,0.089218,-0.005434888083547626,0.007881278654358281,0.08018754546606631,0.07865288371131032,0.12496615450636499,0.12504460681137186,0.07903808604322284,0.09602855507978977,232,250,95,113,210,246
2006-02,0.0018559999999999998,0.038948,0.03709200000000001,-0.006691042966074076,0.008453666394582244,0.03499643933168204,0.01871176682412218,0.013176379231140463,0.01723976088962946,0.013750799616201934,0.05596715377933553,233,251,92,113,210,248
2006-03,0.0018559999999999998,0.008027,0.006170999999999999,0.01639773344101808,0.03181843757529455,-0.0041310242998908306,0.02023601578220828,0.05717663446106275,0.005794231568504487,0.010170746093681456,0.00812344795814001,231,248,95,115,207,245
2006-04,0.0018559999999999998,0.122823,0.120967,-0.024947570207288952,0.011009484350335871,0.07865674539505574,0.13249287287580488,0.12964749990210828,0.16087449746501573,0.12286261967118509,0.13190271165863496,227,244,92,115,210,244
2006-05,0.0018559999999999998,0.18396,0.18210400000000002,0.08559563449929472,-0.09960239659435549,0.3274802903846306,0.2662351115229566,0.2794724332949174,0.28949750822861503,0.18860285134638813,0.1383005721296173,231,242,93,112,206,243
2006-06,0.0018559999999999998,0.035588,0.033732000000000005,0.043759139808248124,-0.011954066366296312,0.07376631387502161,0.08738410708889403,0.058619178941161164,0.02610122489263736,0.045050728493789896,0.017340227093905182,233,249,95,111,210,245
2006-07,0.0018559999999999998,-0.059138,-0.060994,0.04005610375282742,-0.0149878723299781,-0.010094933284134903,-0.0427989415028133,-0.018481588846604224,-0.05099577201940878,-0.06796314175573025,-0.07258486111689566,216,206,98,94,210,215
2006-08,0.002076,0.028511,0.026435,-0.01030446828061754,-0.007131046999141119,0.030106630090850652,0.03197794141248752,0.01821537513154032,0.04375560032420524,0.026072989867292538,0.041384761285233336,214,202,98,94,207,215
2006-09,0.002076,0.054292,0.052216,-0.00251241975352693,0.00026563597856835153,0.05407099328234617,0.05582075592963408,0.03649661526890974,0.04216696768255575,0.05148603840578616,0.06027261765312889,214,205,98,93,211,218
2006-10,0.002076,0.034256,0.03218,-0.019292916972184618,0.0733571770856129,-0.005058997918590394,-0.007679918791007971,0.022962258805444186,-0.03173599787344332,0.012880991312095068,0.08695709957374792,216,207,99,96,212,216
2006-11,0.002076,0.137328,0.135252,-0.1052660270562478,0.08344340239229087,0.02049867193781352,0.0016055765558739923,0.05336973964800379,0.06170596431512501,0.13384440360579317,0.19572170138951647,217,204,99,97,212,215
2006-12,0.002076,0.239696,0.23762,-0.10165418929220528,0.04836046731762085,0.03825592039643576,0.02771386645208598,0.054615886612844916,0.09472995893037066,0.15572735505840865,0.1750909273492032,213,204,100,96,214,216
2007-01,0.002076,0.089414,0.087338,0.03883398965756163,-0.055374482994734076,0.24884546023703047,0.25560765084006776,0.2528563998574934,0.2743264207334639,0.20691460610491003,0.1595665151235328,210,205,99,95,212,216
2007-02,0.002076,0.054319,0.052243,0.10621163347423732,-0.10189012993943845,0.2554647296502869,0.19060394530218622,0.1711852070311523,0.1779013277289949,0.06231706336266602,0.05840059046925258,207,206,100,96,212,215
2007-03,0.002296,0.113838,0.11154199999999999,0.09642174867076388,-0.057346058286098595,0.25785168480750675,0.18868207194359804,0.16483003733436066,0.12748273819294803,0.08880354078632886,0.10581226909389695,211,208,100,96,212,217
2007-04,0.002296,0.220096,0.21780000000000002,0.05428399484782975,-0.10624712527197544,0.39040651854737507,0.34720246115278647,0.3468472903305921,0.39909504806788526,0.2923492116786618,0.2301600257407173,212,208,99,96,212,217
2007-05,0.002515,0.080643,0.078128,-0.0267868668216244,0.014229966110833991,0.09348861494385712,0.08476457949617829,0.05343760423425953,0.07552242424986631,0.09249560770816993,0.14403336718113188,209,207,98,93,211,217
2007-06,0.002515,-0.071092,-0.073607,-0.06894151641927733,0.07536487733243336,-0.18468441304901723,-0.16751363624507373,-0.12671488325684185,-0.15696884081529727,-0.05091092653519758,-0.06420861594260593,213,207,99,94,213,217
2007-07,0.002734,0.177391,0.174657,0.0842200173992971,-0.03157056602187719,0.27531322843023465,0.2653235688930547,0.2654932685820536,0.2145766447512574,0.17763789640051028,0.1612554725556841,232,231,117,116,233,233
2007-08,0.002952,0.166266,0.163314,-0.0412384456187211,0.030892965904341665,0.10191476496016204,0.10848424875604852,0.11218581266888188,0.11508997467685149,0.16460532978758927,0.16660485877681497,232,232,116,114,231,233
2007-09,0.003169,0.062266,0.059097000000000004,-0.018455900549925727,0.051692535032395515,0.02136630985660133,0.04147893877574807,0.059923944765201256,0.05402518395880699,0.0052590919735227525,0.11885261911499811,224,228,116,113,231,231
2007-10,0.003169,0.049497,0.046328,-0.1274963559389062,0.07104279045400115,-0.11975335493435488,-0.11041620064889344,-0.10536240234653449,-0.08070598522373135,0.08067445201421655,0.04698864309645056,225,225,117,114,228,231
2007-11,0.003169,-0.155029,-0.158198,0.07596694454082234,-0.054607708076139405,-0.03161857107927351,-0.052836162356313186,-0.08291539840651356,-0.1031340339447477,-0.1310843087500331,-0.16105262276978644,226,224,117,111,231,232
2007-12,0.003386,0.095806,0.09242,0.055409756397847426,-0.033535853142152794,0.20580274631857165,0.21274987002610662,0.2008057444521598,0.20406132509514924,0.10708114583089097,0.1419866206772555,227,222,117,110,231,231
2008-01,0.003386,-0.155527,-0.158913,0.07315649451591391,-0.018889962765548565,-0.06107127427934061,-0.04743399096359935,-0.0691279765304419,-0.11797766196311396,-0.13142417811489984,-0.1477008852431098,227,225,114,114,233,229
2008-02,0.003386,0.002863,-0.000523,0.09740843614322985,-0.012090029056766163,0.14347455117743904,0.10354749761990767,0.12751943950750866,0.04296108409903864,0.004618958120690452,0.03473613765543669,228,224,114,113,229,227
2008-03,0.003386,-0.20343,-0.206816,0.012533347411141232,-0.0002493050285432563,-0.173310999546414,-0.1889301946782151,-0.18121707209578083,-0.22103576186216609,-0.14639424732178186,-0.21362829936988575,226,222,115,112,231,226
2008-04,0.003386,0.051723,0.048337,-0.06679731790706366,0.05242425454617438,-0.08654749950646914,-0.04077910458407914,-0.03303487874599326,-0.022021762433002315,0.03273810741878116,0.029314125898870558,226,221,115,112,229,227
2008-05,0.003386,-0.066545,-0.06993100000000001,0.056360600115955416,-0.006409442639193654,0.009739014123692527,-0.027806016093339842,-0.024183292840390478,-0.06766194106243041,-0.0971116347187389,-0.04655851937673471,230,222,115,115,231,225
2008-06,0.003386,-0.208084,-0.21147,-0.024603784358874725,0.017112528134535232,-0.2522805294726589,-0.2536764173681967,-0.25620187920542153,-0.26167680651538144,-0.20314026594072307,-0.2235304005135483,231,227,115,116,232,230
2008-07,0.003386,0.021906,0.01852,0.08535787015923887,-0.021910554573699476,0.11262817508331545,0.11348894834998183,0.11337477208258603,0.06347616199416431,0.0010336671965076346,0.018908455847494746,257,263,132,134,258,258
2008-08,0.003386,-0.152243,-0.155629,-0.02749027317145869,0.08986686845695324,-0.23197505716022257,-0.22390631837216,-0.20914544572991697,-0.27230234478766036,-0.19485543765620358,-0.1153982193040595,254,262,132,134,257,258
2008-09,0.003386,-0.046408,-0.049794,-0.04526368589804592,0.024108795693726523,-0.1058306649494133,-0.0957149823991153,-0.06825368779358133,-0.05486761877226198,-0.03491365413506928,-0.04422700454064089,255,263,132,134,258,256
2008-10,0.002952,-0.250632,-0.25358400000000003,0.0090021707548964,0.011941499834795338,-0.24373686192067082,-0.26219804795915297,-0.2461665930723396,-0.2711026678373406,-0.2632154103634308,-0.24478993701608112,256,263,132,133,257,255
2008-11,0.002076,0.096748,0.094672,0.0807090753570566,-0.061668639963244176,0.20702286277972132,0.21067259626894358,0.216423739922997,0.2094332549449982,0.10586362008025979,0.07669509787523417,255,263,132,132,256,253
2008-12,0.0018559999999999998,-0.01688,-0.018736,0.0577229835265149,-0.05017082134976843,0.053158558379958615,0.08877427889007654,0.04949304931877639,0.04886889443345694,0.017195280780707613,-0.04780723920489769,257,263,132,133,258,257
2009-01,0.0018559999999999998,0.09677,0.094914,0.04719670019443019,-0.027117306096483107,0.15709533703002646,0.15748697670506656,0.1592507732136751,0.1472829557534136,0.09406712323526523,0.09089290737679877,257,263,132,132,257,256
2009-02,0.0018559999999999998,0.053877,0.052021000000000005,0.02542567046169012,-0.018155894033124773,0.0866710573599216,0.07729544232269356,0.0865279915852958,0.08355962860026604,0.04326694497393226,0.047390906308642296,257,263,132,133,258,257
2009-03,0.0018559999999999998,0.151176,0.14932,0.05863067895256738,-0.04891150232158248,0.2308291028957137,0.2349617619654397,0.21986515588588845,0.20862024687500666,0.17938254777266602,0.12176118924166698,257,263,132,134,258,258
2009-04,0.0018559999999999998,0.048162,0.04630600000000001,0.03897586883519865,0.014848589028089998,0.07100896405765744,0.09024141194336127,0.10213930829530259,0.033610687893938195,0.08067386818431412,0.03217752171247305,257,263,132,134,258,257
2009-05,0.0018559999999999998,0.063254,0.06139800000000001,0.01764099846037266,-0.006659228581490484,0.09362639825662086,0.06814566235466278,0.05994024966786509,0.058907144952914665,0.03060733356642664,0.07927483637868946,254,263,132,131,258,257
2009-06,0.0018559999999999998,0.126087,0.12423100000000001,-0.05535409207036852,0.016856644301446927,0.07885849827291316,0.04552201908384683,0.05975372652023135,0.09945314709067546,0.09847216555117029,0.1522712074462511,255,263,132,133,258,257
2009-07,0.0018559999999999998,0.156729,0.154873,-0.027375092390018285,-0.014894999380664492,0.13040287839720566,0.1318726933248942,0.15257621173681682,0.20588978631773178,0.13716082009444813,0.15392645421679166,256,281,116,134,241,276
2009-08,0.0018559999999999998,-0.212878,-0.214734,0.06622421467043907,0.0022363335546453644,-0.15516222461066734,-0.14322234237210452,-0.14048065441325905,-0.22216092516894823,-0.1830071119813341,-0.23236982825706576,254,281,116,134,241,275
2009-09,0.0018559999999999998,0.045577,0.043721,-0.020460556205255,-0.0063124869126220395,0.032138743018755175,0.035022575562884566,0.03679990206210151,0.06589362355233576,0.05084177502342512,0.04860749068374534,255,281,116,134,240,275
2009-10,0.0018559999999999998,0.085384,0.083528,0.042529081345012335,-0.00709851136449588,0.12967857804615698,0.12150212597654847,0.13452695308681917,0.10049401853783564,0.07617777376847026,0.0814486207681817,255,281,116,136,241,275
2009-11,0.0018559999999999998,0.078559,0.07670300000000001,0.07665874780238154,-0.006618497196147377,0.1462311018669549,0.17074344053346152,0.1571368080243051,0.07853314406297378,0.11121151944127435,0.0543904435133288,256,281,115,136,240,275
2009-12,0.0018559999999999998,0.023694,0.021838,0.026301978896320213,0.02249054985396175,0.034631872982397185,0.05345371518019576,0.042384752184139333,-0.003982854247047634,0.022301891645685558,0.03324536625913371,256,280,116,136,241,274
2010-01,0.0018559999999999998,-0.083116,-0.08497199999999999,0.06792530709739585,-0.00860771129365076,-0.01996147070434517,-0.007535373876924674,-0.028062456006858926,-0.09674014472693512,-0.05674049514165829,-0.1058545820117229,253,281,116,135,241,273
2010-02,0.0018559999999999998,0.027051,0.025195,0.04335162585598254,-0.028401997516739726,0.08558977414680231,0.07016253116421498,0.05098245024048433,0.03604947463819092,0.026777599834333615,0.013852803511029464,256,281,116,135,242,274
2010-03,0.0018559999999999998,0.021476,0.01962,0.023640767946001437,-0.009684574331022065,0.040983144667327914,0.04904062966284288,0.03702631416094303,0.03361893249086026,0.00430223782704824,0.01820661433520102,255,281,116,134,241,274
2010-04,0.0018559999999999998,-0.076824,-0.07868,0.015756946940033413,-0.003908629407106068,-0.06631145125718528,-0.04568498979656823,-0.0625697971239272,-0.07644027954656199,-0.05739760695718672,-0.08799919249403218,254,281,116,134,240,274
2010-05,0.0018559999999999998,-0.088892,-0.090748,0.012519643031198027,0.000322776643183309,-0.07790699331335925,-0.0616488621650455,-0.07825627553288159,-0.09480551162733843,-0.06675487235609252,-0.09381067612144946,252,281,116,133,240,274
2010-06,0.0018559999999999998,-0.074735,-0.07659099999999999,-0.024397500146826998,0.00930862780651448,-0.1101265328585536,-0.09260899403660375,-0.08090825010856953,-0.06468004704746128,-0.07049015533136824,-0.0752810741844164,254,281,116,134,240,272
2010-07,0.0018559999999999998,0.116607,0.114751,0.04076852007442114,-0.02886418348766054,0.17496615174791025,0.16236401207331516,0.17250016369831872,0.15915143908705645,0.12448426804789738,0.10388906016132694,302,285,116,119,276,304
2010-08,0.0018559999999999998,0.023929,0.022073,0.053674195500586476,-0.0517231616427598,0.10373419546581582,0.11634261028202636,0.07822412270405564,0.06490239665773866,0.08540979915842048,-0.013033853866020772,302,284,116,119,276,301
2010-09,0.0018559999999999998,0.0083,0.006444,-0.020709861213629152,-0.0443996151369378,0.028853671013248313,0.006592517493577455,-0.0028946708448450015,0.053446462638332054,0.04483906444198638,-0.0036044257774502236,302,285,116,118,275,305
2010-10,0.0020599999999999998,0.120498,0.11843799999999999,-0.051175643159916864,-0.024834048522621277,0.08372482201068905,0.087883975483135,0.08036136193929408,0.17916055684947477,0.09348061218776678,0.1328559198756272,301,283,116,118,275,305
2010-11,0.0020599999999999998,-0.039649,-0.041708999999999996,0.06511612319299513,0.01840827328710182,0.008923701674989666,0.017001794827810262,0.0062201637254050085,-0.10218943905281419,0.0016560842310596089,-0.06266935452902589,300,284,115,118,275,306
2010-12,0.002263,-0.006102,-0.008365,-0.012593110285819624,0.005317497897274223,-0.03080521117262954,-0.010830955513871157,-0.0291944695967813,-0.009324779585169767,-0.023426000474183795,-0.0003005253664695628,299,285,114,118,275,306
2011-01,0.002263,-0.026034,-0.028297000000000003,-0.004497299484693337,0.03162978579334849,-0.04141413001737235,-0.059821999079827,-0.03913962095688429,-0.06293650889563199,-0.06199589633494856,-0.001951446369423072,298,284,114,118,273,304
2011-02,0.0024660000000000003,0.054119,0.051653,0.041695516985920236,-0.05297429635098505,0.13016135905723208,0.10823619260287617,0.10256582709212772,0.11172713920288158,0.07077561012557786,0.033374078466015825,296,284,115,118,273,305
2011-03,0.0024660000000000003,-0.002672,-0.005138,0.004951296991819843,-0.006045003796829993,0.018871673239340487,-0.019692316689848822,0.0015132815826338407,0.00801471003126113,-0.03545905696890295,0.013283094094307791,300,283,115,118,271,301
2011-04,0.0026690000000000004,-0.014351,-0.01702,-0.015471254746047512,0.006466831467537435,-0.024572929695871725,-0.030835098530553648,-0.04939190542809814,-0.04082701547609526,-0.014484777131491756,-0.003074376808793974,298,280,115,119,271,303
2011-05,0.0026690000000000004,-0.062388,-0.065057,-0.006541401936873664,0.008844064785512792,-0.06852876163949936,-0.07181942995507815,-0.0750720471365049,-0.0793816180973252,-0.061264211793842116,-0.055150203029294104,296,279,115,119,272,301
2011-06,0.0026690000000000004,0.027185,0.024516,0.013534470430273685,-0.011815400309718692,0.04661431240506489,0.03573795716920735,0.034687819312097266,0.0314679419067794,0.025205101308459415,0.019763634380309644,298,279,115,119,272,302
2011-07,0.0028710000000000003,-0.010227,-0.013098,0.018211503638170187,-0.02898905955827119,0.030921379044746414,0.01780245178426714,0.009284045316903446,0.0046963179321649045,0.030321514755776036,-0.03164446745653451,335,365,140,170,307,365
2011-08,0.0028710000000000003,-0.044695,-0.047566,0.019119150683806378,0.004408478561896981,-0.03160679794159327,-0.02376036484463065,-0.02695047580142025,-0.055425605751595705,-0.032984514119492825,-0.05126497076797476,331,366,140,169,307,364
2011-09,0.0028710000000000003,-0.091178,-0.094049,-0.014192568157838995,0.02461395329097342,-0.1169663500335445,-0.11785100598615052,-0.12322646643183892,-0.12449077211015179,-0.12197259673795458,-0.06900274912991054,330,366,140,169,306,363
2011-10,0.0028710000000000003,0.042253,0.039382,-0.0027669342770644534,0.008130627304415501,0.031050420278570162,0.04622083445741572,0.030396747769029214,0.029227175917108047,0.04059952638362041,0.046142103035480005,333,363,140,169,305,362
2011-11,0.0028710000000000003,-0.052726,-0.055597,0.0027633763128883035,-0.02035582604697865,-0.037017519880465775,-0.03312466000198446,-0.058982318896311524,-0.042181238096136976,-0.03430529844704115,-0.060928091174248536,329,363,140,167,306,362
2011-12,0.0028710000000000003,-0.078903,-0.081774,-0.061119709545185086,0.0885351385267901,-0.19454475867698848,-0.15642009567628656,-0.15013167773125988,-0.1597956653453369,-0.1308032688661575,-0.027138469237485276,329,365,139,170,303,363
2012-01,0.0028710000000000003,0.030396,0.027525,-0.020249034698632228,0.017676985458324315,0.008140328328812743,-0.02261897754726247,0.01873145226849619,0.024629930182949983,-0.009022800196921999,0.04939277715991516,327,365,139,170,303,361
2012-02,0.0028710000000000003,0.07511,0.072239,0.040643109449405704,-0.04386981467888257,0.14069631797324172,0.13129002224935069,0.13012029276035786,0.12509871688178892,0.10714347501603669,0.04793511273690765,331,362,139,168,304,362
2012-03,0.0028710000000000003,-0.067882,-0.070753,0.005042708943099133,0.0042913697435560255,-0.06535055813549184,-0.06245872064047077,-0.060238858817005796,-0.06879771867760513,-0.06905186723568148,-0.06532667850897914,330,362,139,165,306,361
2012-04,0.0028710000000000003,0.059596,0.056725000000000005,0.02704956332652062,0.015121146436848726,0.07579820100327804,0.07749482383673938,0.10871966822903784,0.05732326201527639,0.06889665341100297,0.05464408766321405,329,360,139,164,306,361
2012-05,0.0028710000000000003,0.002257,-0.0006140000000000004,-0.00685960679683054,-0.03157173189272105,0.01698323967525686,0.01564807946381568,0.008699629538092217,0.040829438224435084,0.03511074626706367,-0.014030415423842374,327,363,139,166,305,362
2012-06,0.0026690000000000004,-0.049764,-0.052433,-0.01873215028477592,0.018706981055628347,-0.07934833502138916,-0.06522950032103168,-0.07773843042337715,-0.0794309674719411,-0.04306193748083269,-0.04362690995869643,327,364,139,169,304,363
2012-07,0.0024660000000000003,-0.057731,-0.060197,-0.034611173817482944,0.026072156293792684,-0.10198091567208113,-0.09663413735293894,-0.08974126116620806,-0.08485236144703924,-0.05472272792641313,-0.04494770336532693,368,377,160,174,347,382
2012-08,0.0024660000000000003,-0.024016,-0.026482,0.054327197753444634,-0.020074454227902102,0.03750740627780141,0.028822566015015514,0.01541321961271456,-0.015895202267422796,-0.03139327502923947,-0.03394992405814015,365,376,160,175,345,381
2012-09,0.0024660000000000003,0.022779,0.020313,-0.01968915205940016,-0.003936514295414133,0.012781282474968094,0.009670984256229984,0.0016867561274876,0.017973754149438574,0.04403747298135678,0.0211952519060908,365,376,160,175,346,380
2012-10,0.0024660000000000003,-0.009065,-0.011531,0.022025713721814166,0.008744468685617889,0.007250462198776779,-0.001416583520365824,0.015762725002043457,-0.01701015481419181,-0.019436902424573552,-0.008033480246222711,363,376,159,173,346,380
2012-11,0.0024660000000000003,-0.06243,-0.064896,-0.03413595067319203,0.05214481919269254,-0.12665959215543982,-0.12066052981826118,-0.1023428014038947,-0.10531240347368218,-0.11660311204449524,-0.025339555839842206,366,376,159,173,347,381
2012-12,0.0024660000000000003,0.15302,0.150554,0.0049922922303496375,-0.00028504319345018514,0.1479932791280344,0.15685966364419437,0.1682426462226078,0.17205872733042923,0.1348207111244029,0.15123927384895547,366,373,159,174,346,381
2013-01,0.0024660000000000003,0.05343,0.050963999999999995,0.014841443419982371,-0.028747124821867108,0.08662022758947882,0.06947717493840105,0.05364047526127391,0.07484962624698507,0.04002879235076586,0.050335128931455766,362,376,159,173,345,380
2013-02,0.0024660000000000003,0.002095,-0.00037100000000000024,0.023654342601710357,-0.022707883099411467,0.03969076292379735,0.038786312167917066,0.029884975159264554,0.018651340107470413,0.03570632066519721,-0.01695863832681973,359,375,159,173,344,380
2013-03,0.0024660000000000003,-0.051727,-0.054193000000000005,0.015099021816984842,-0.019279651383881546,-0.022092645708360555,-0.03024433783161309,-0.03461545939963327,-0.039170742906887136,-0.027871533500296825,-0.06520723198337751,363,375,158,172,342,379
2013-04,0.0024660000000000003,-0.024733,-0.027199,-0.012099179967797379,0.005869799219419068,-0.0406437419693169,-0.03593337447551492,-0.024890535078157732,-0.019355480043256476,-0.022445543080763443,-0.02336908849557751,357,374,160,173,343,380
2013-05,0.0024660000000000003,0.078611,0.076145,0.04775657585850797,-0.05097405877483763,0.14610576219053553,0.1630934628231638,0.1195757645157722,0.11930106022632153,0.12232126137621649,0.04388294035140963,358,373,160,173,344,381
2013-06,0.0024660000000000003,-0.135136,-0.137602,-0.026267970465052498,0.019361560179190968,-0.16650238552043758,-0.16024726881251292,-0.16637556380274585,-0.16321170354297554,-0.12649419829527794,-0.12461540490228538,349,372,160,171,340,378
2013-07,0.0024660000000000003,0.026806,0.02434,0.039885773538219024,-0.02146370696537756,0.06894524408973486,0.08853715430176991,0.05748656230036029,0.03805850468776297,0.050663362843062595,0.006589772546382414,388,367,161,161,368,389
2013-08,0.0024660000000000003,0.055356,0.05289,0.04428459858016163,0.003361762567544918,0.09334447631411291,0.08453244364731434,0.11782877234192889,0.06502672289532277,0.050559221664951866,0.047265952002596624,380,364,160,160,367,390
2013-09,0.0024660000000000003,0.042144,0.039678,0.0004459647152404156,0.0006002373159249841,0.03676843213147848,0.04971130427541322,0.03765298358339049,0.033342966091949935,0.05579297048072312,0.03365888927188789,377,364,159,159,362,389
2013-10,0.0024660000000000003,-0.018887,-0.021353,0.013530234054746845,0.021173637229870517,-0.017443456923968696,-0.02162840294850614,-0.005281398747710588,-0.03382932148180425,-0.047470534104300376,-0.0036441051983213254,373,366,159,160,364,386
2013-11,0.0024660000000000003,0.042243,0.039777,0.03517511509928052,-0.02259328841746743,0.08005285160633717,0.09971074775932079,0.07661061075546935,0.06467281059903658,0.06324757960927964,0.022928474614969538,372,364,158,159,363,388
2013-12,0.0024660000000000003,-0.04096,-0.043426000000000006,0.011642748259255414,0.019159943249694625,-0.048077631286747045,-0.024226873073618056,-0.01696944353795632,-0.05195782669781098,-0.027498238031064215,-0.04474612794721246,373,364,158,161,365,388
2014-01,0.0024660000000000003,-0.026771,-0.029237,0.04716721076744099,-0.015677070388467454,0.015853514774153345,0.03394231263643557,0.01874226962318399,-0.008395031370886926,-0.02193057690081064,-0.04263792699685248,372,367,159,160,364,387
2014-02,0.0024660000000000003,0.014056,0.01159,0.04424477925596179,-0.02027940642634221,0.06411308774393494,0.0514257185008683,0.06025941758054847,0.041375241363741495,-0.002981453980718708,0.004670098674443548,371,362,160,159,364,388
2014-03,0.0024660000000000003,-0.021038,-0.023504,0.01047850572938722,0.01078509469277495,-0.004671049487353439,-0.03453231651856223,-0.0337343379040839,-0.049099174890855045,-0.056808349118731484,0.00153430291142532,370,363,158,157,362,388
2014-04,0.0024660000000000003,-0.005646,-0.008112000000000001,-0.0003439995978276964,0.013994381767293248,-0.0077408492376295265,-0.016936376508125076,-0.0030001608985279443,-0.024121349064390174,-0.001650764917504026,-0.0008732738689052607,366,353,157,156,361,387
2014-05,0.0024660000000000003,0.012741,0.010275,0.012329220944150869,-0.021097066212355516,0.03708658199109157,0.031799982651380156,0.007261644403973852,0.019795456271591405,0.011938828508403469,0.007426261433998093,361,348,156,150,360,384
2014-06,0.0024660000000000003,0.023773,0.021307,0.023507694206992173,-0.01736980373398326,0.06018510890821484,0.041967077437923224,0.034776077603501085,0.025006411540770292,0.0257229344103748,0.01567583537751753,360,345,155,150,360,385
2014-07,0.0024660000000000003,0.087524,0.08505800000000001,0.020164585703987603,0.01601134598611785,0.09800976297208032,0.08742103841425936,0.10317749075924078,0.06880489183539408,0.06364978717775423,0.09565985602046934,346,347,186,179,359,348
2014-08,0.0024660000000000003,0.019659,0.017193,0.0331282727811278,-0.03866256580027831,0.06477582063188658,0.06193233815355432,0.049294448086342896,0.054137677285540496,0.030186193012332333,-0.007706081769472443,335,342,184,177,358,345
2014-09,0.0024660000000000003,0.07982,0.077354,0.07818866435063292,-0.04340975067276237,0.16078243646695287,0.17162401736929123,0.14963609820789028,0.12119288554501763,0.08076395098866254,0.04551972245855549,331,342,182,176,356,345
2014-10,0.0024660000000000003,0.02205,0.019584,0.0020909597054129467,0.013317317522952371,0.015786175576417556,0.016131525130112078,0.02571261484273921,0.012717803521382059,0.009213633610682809,0.029425999300965143,325,331,179,176,346,346
2014-11,0.002263,0.091405,0.089142,-0.018036432947169695,0.04245362800463984,0.054898815668420295,0.05847743001689034,0.075932600863423,0.0516327656983402,0.0762791431792854,0.11550623651261716,319,330,177,176,351,341
2014-12,0.002263,0.147743,0.14548000000000003,-0.1725685640747769,0.12632255593703573,-0.03712061753843312,-0.06174468888079838,-0.006119653590906913,0.033603676678376194,0.12386923093089457,0.25524782460492146,326,331,178,176,354,340
2015-01,0.002263,0.014281,0.012018000000000001,0.05154663003293704,-0.03140031398957618,0.06486194977405055,0.08290200604502514,0.05943652920008176,0.04381679024230221,0.022302221840925493,-0.013558417162881366,321,327,182,169,355,340
2015-02,0.002263,0.044295,0.042032,0.01571046239966653,-0.036541128789577,0.07114435987736499,0.08642824101406245,0.05815339448338933,0.07856383892581567,0.07155822250936421,0.018472546740637318,310,326,179,168,349,335
2015-03,0.0020599999999999998,0.155954,0.153894,0.07389491846277238,-0.042877508514958584,0.23434551910728757,0.24889053761717456,0.2206592971886458,0.190900241227157,0.17247891118175213,0.11883144611588166,318,327,179,167,353,339
2015-04,0.0020599999999999998,0.176538,0.174478,0.007759622797807009,-0.012954175073182472,0.17545884026661823,0.20165291020806095,0.16266434512266378,0.19349831851189342,0.1426144451825455,0.1803844635094829,316,331,178,170,351,342
2015-05,0.0018559999999999998,0.093763,0.091907,0.20831683984766303,-0.1564898148054932,0.37849258156332105,0.3000813916938394,0.2731837633766382,0.2004389947740256,0.13360003896706185,-0.007231816650277976,321,326,173,169,349,341
2015-06,0.001652,-0.079378,-0.08103,-0.001251611052392257,0.06577310034679626,-0.0888029709880126,-0.12143743395589872,-0.06375424211312948,-0.1296863898546378,-0.11736450600929785,-0.02318891803592837,309,321,171,168,335,339
2015-07,0.001652,-0.150651,-0.152303,-0.04751755858267337,0.059868167005299316,-0.23271035680585012,-0.19735830842572455,-0.192474947824825,-0.1932539200564723,-0.1729840222250085,-0.1137529950268988,310,343,166,173,305,318
2015-08,0.001447,-0.141746,-0.14319300000000001,0.01635387716754788,0.020875996620630444,-0.13903106884801025,-0.12803814036640523,-0.10961650480539491,-0.13846794114008734,-0.16114889244092492,-0.12613051194144181,294,325,162,168,295,314
2015-09,0.001447,-0.058289,-0.059736,0.021930598357717913,0.021869413466245186,-0.0398981575374399,-0.04465376264910255,-0.04795117970964979,-0.09340142555583265,-0.06328389296238092,-0.04160957645113239,287,321,157,158,297,311
2015-10,0.001241,0.140422,0.139181,0.07693835171274313,-0.08654212477432335,0.2606945846895774,0.2485547350655253,0.1889541742350196,0.19217068130487922,0.1843909153362233,0.09082684221079036,284,316,160,159,303,310
2015-11,0.001241,0.040057,0.038816,0.07947364988933309,-0.018964221871011468,0.10768842409982685,0.11994416976206086,0.07948409779784558,0.01604254469031302,0.046334770051149714,0.006318427250271346,285,324,163,167,308,315
2015-12,0.001241,0.039811,0.03857,0.06304855552898968,-0.016249733516448983,0.118215137068046,0.08769882068906891,0.0752561797298226,0.020355694427460592,0.04085359173972182,0.030815184732786022,296,333,163,174,317,321
2016-01,0.001241,-0.251173,-0.25241399999999997,-0.04533061619705475,0.04930228011109583,-0.3067281268411533,-0.30235520481498557,-0.28975682272676,-0.27642134401226776,-0.2916388738749973,-0.19478808790446941,299,333,165,178,308,322
2016-02,0.001241,-0.019743,-0.020984,0.011869841641416376,0.002034037317733878,-0.006866785913472457,-0.017950879441644325,-0.006572778515867655,-0.019686253246901403,-0.03140152953929371,-0.01591218600903845,297,337,163,174,305,324
2016-03,0.001241,0.139083,0.13784200000000002,0.04976012744389097,-0.018016154910928284,0.18567013131963617,0.1971699891491297,0.18906668035659047,0.143890383476299,0.1742745103998961,0.10446152461748817,299,336,165,175,307,325
2016-04,0.001241,-0.02135,-0.022591,0.032326643936813775,-0.004034451204934508,0.010314149319070431,0.008783754407395298,-0.017035789701031326,-0.03500326398840389,-0.044192326418431876,-0.015722227378171156,297,334,168,175,306,327
2016-05,0.001241,-0.006904,-0.008145,-0.01859803635494446,0.015635058902528625,-0.03476260529560019,-0.013583117641901284,-0.018446757345067375,-0.011872823919848402,-0.002206993232563095,0.003081445934676032,294,331,164,176,307,327
2016-06,0.001241,0.024999,0.023758,0.03924573257715762,-0.018192654199663094,0.0623457554349487,0.06771064247402131,0.051290938300228885,0.028829440782600885,0.031281748177130655,0.003498949517994502,292,327,163,173,314,330
2016-07,0.001241,0.015653,0.014412000000000001,-0.0032760522813386787,0.03887275768056604,-0.007246616234585328,-0.003353919620811596,0.027948013068389576,-0.0074377189048321374,-0.000499814191484213,0.035113167153325034,330,381,156,188,315,367
2016-08,0.001241,0.040843,0.039602,0.015976584716852878,2.4979047567610935e-05,0.05064054103304414,0.05348476222231226,0.042314614267291537,0.027889958538072714,0.03435436143505604,0.03626584339896053,325,379,154,188,309,366
2016-09,0.001241,-0.021779,-0.02302,0.025485894558121783,0.004408397388398657,0.0007016344601824242,-0.00765276101228424,0.0009644016644890918,-0.032449767873454195,-0.026098900387560322,-0.023895740300963548,324,373,152,188,308,363
2016-10,0.001241,0.03146,0.030219000000000003,0.018387342457877928,-0.0037936640118963957,0.044132464416548806,0.04966914683649711,0.0387823004441822,0.026170214340442106,0.027318619694136317,0.023933050289015913,319,368,153,185,305,362
2016-11,0.001241,0.041749,0.040508,-0.0030487628884240323,0.007934906068500322,0.03738534314466428,0.0281870796351444,0.022956430872917828,0.023774320760945194,0.019827776387361107,0.0540730451696923,324,373,153,184,307,359
2016-12,0.001241,-0.049932,-0.051172999999999996,0.02508783824587084,0.016897490019589803,-0.025668352023120015,-0.0460472529626793,-0.023890135500763226,-0.07579322992720305,-0.05129955888659179,-0.04377646641038024,327,373,152,179,305,359
2017-01,0.001241,0.005073,0.0038320000000000003,-0.020600689137426756,0.03108210979282871,-0.021454625788060174,-0.027768721044968296,0.0005961283290953441,-0.00612979837064539,-0.014679019818863985,0.03398366709785651,322,377,152,178,301,357
2017-02,0.001241,0.035021,0.03378,0.007126212811652474,-0.01443094275765057,0.032744271413098665,0.04831004904993175,0.04863624958234866,0.06240351959091295,0.028258756113146863,0.017649655906361812,316,373,151,178,299,357
2017-03,0.001241,-0.006273,-0.007514,0.0017231355764459194,0.04386252471280427,-0.032183153465320975,-0.02585461941240271,0.009952258792169358,-0.04057496620902304,-0.017694625564964216,0.005014670959095167,318,375,151,179,298,361
2017-04,0.001241,-0.026808,-0.028048999999999998,-0.027394654946852986,0.05741806722451205,-0.07890992479636637,-0.06525979823148745,-0.019589769086665747,-0.055705169823553474,-0.025681166366177163,-0.00018919108422997433,323,373,152,176,301,360
2017-05,0.001241,-0.025176,-0.026417,-0.04710945551500726,0.05818653079538941,-0.09147086145169836,-0.0768165165806217,-0.07493412254011697,-0.0739229104500576,-0.05388363580649745,0.025913412229139822,318,366,155,173,304,358
2017-06,0.001241,0.041445,0.040204000000000004,-0.003118419641500128,0.0018359070682537754,0.03765903041056577,0.04113234126663349,0.05685547873041098,0.05128263398789578,0.05796147553965674,0.035757999804558106,316,365,155,168,302,358
2017-07,0.001241,0.024786,0.023545,-0.02258736896162728,-0.002166540207256658,0.004983605359647462,0.0032344133298206216,0.02793890112614536,0.06306843587202374,0.005070531137459021,0.03578005969101253,429,439,128,168,360,473
2017-08,0.001241,0.027779,0.026538000000000003,-0.0030709310011464777,-0.01470775141689631,0.0315777861625053,0.028381359026618515,0.010117634590915,0.02712456143129021,0.03299580118310016,0.01916921016908789,419,433,129,166,352,470
2017-09,0.001241,0.005449,0.004208,-0.0029060192715820218,-0.011228672331778013,0.012098222452824482,0.016281004781585753,-0.005805509847372999,0.006514112303481951,0.02281716295817794,0.0019604999401234063,422,433,129,169,352,473
2017-10,0.001241,0.014238,0.012997000000000002,-0.036770559958443624,0.035254979450404456,-0.03986907702007979,-0.028231878625841155,-0.010117186507387549,-0.008664079483162546,0.008663628300230784,0.032093988904954136,418,432,130,165,352,471
2017-11,0.001241,-0.030507,-0.031748,-0.00025514684060751885,0.07561107386151222,-0.07226403180910564,-0.0730774616741391,0.03666337108938833,-0.04645109275283301,-0.05730524119089833,-0.004156347928302509,420,434,130,163,352,468
2017-12,0.001241,-0.001555,-0.002796,-0.02078130073693438,0.009557333856123298,-0.02190342188189885,-0.026461618650386848,-0.020429878030224145,-0.00798579875950057,-0.008120542693277449,0.00965532510107132,416,428,130,161,353,466
2018-01,0.001241,0.034633,0.033392,-0.0479184885442277,0.05466387958447167,-0.04796828940441441,-0.02651774975443875,0.004579022206689229,0.021129556339729485,-0.025191111556779524,0.07791000389756919,416,429,130,163,351,464
2018-02,0.001241,-0.056626,-0.057867,-0.0046579324891897825,0.011935323485047611,-0.06419296255439913,-0.05752922660796069,-0.046624976411315085,-0.06872304741330708,-0.023229934106502575,-0.062420386586295895,410,426,128,163,346,458
2018-03,0.001241,-0.017988,-0.019229,0.030548637882957592,-0.04329718099713027,0.044350310717997596,0.034670488039492846,0.0014624480090282305,-0.0007092609741701162,0.03396235435127729,-0.04441576025946129,402,422,130,160,341,461
2018-04,0.001241,-0.03411,-0.035351,-0.019087165793518712,-0.012802995100081836,-0.04528286334471637,-0.0446310993330467,-0.058989253888121825,-0.01748895428430511,-0.04476421095996032,-0.029388553941063333,403,425,128,161,342,461
2018-05,0.001241,0.004611,0.0033699999999999997,-0.003951047682935101,0.02874983565505889,-0.015043621029530408,-0.007209839492353328,0.016637377959822834,-0.012048578244827017,0.004515544655633894,0.013770094075937524,414,436,130,162,345,458
2018-06,0.001241,-0.082552,-0.083793,-0.042571777335027344,0.010389583583708312,-0.12964090119704005,-0.11541218876859685,-0.11493002156857182,-0.06903311044569908,-0.1002698461766769,-0.06296482290675066,419,440,129,159,344,459
2018-07,0.001241,0.008606,0.007365000000000001,0.0057182769661372505,0.020607569280910478,0.00838477388157289,0.007909249453001132,0.015149376836330091,-0.003548784310683998,-0.013064397713203396,0.030901751296379756,487,507,177,210,419,528
2018-08,0.001241,-0.061423,-0.062664,-0.020404865667598103,-0.0002566365840650092,-0.07867836469706478,-0.07768380767494883,-0.0699523438689511,-0.03347642004912358,-0.08890778514367953,-0.04271571404536729,486,507,177,210,427,529
2018-09,0.001241,0.024109,0.022868,-0.03563699524282707,0.007164832637142245,-0.010003768749168855,-0.01078112896706,0.0034968735676277085,0.03359125209062179,0.02161143444114856,0.03442027504810972,491,507,176,211,431,527
2018-10,0.001241,-0.087178,-0.08841900000000001,0.005325871124975845,0.016531650006790688,-0.09270826291342518,-0.08807247326121397,-0.09499281766020942,-0.09433079649441366,-0.13843742898131442,-0.058982941734048035,492,509,176,212,432,527
2018-11,0.001241,0.005322,0.004081,0.05828509185161076,-0.01868589832611217,0.08296119783718911,0.058370760093620466,0.05488836190004215,-0.0006103869585706993,0.03188477890823824,-0.009909347673648084,493,510,177,214,436,530
2018-12,0.001241,-0.04168,-0.042921,0.0016499956413825595,0.0069590320880378795,-0.038174164916159596,-0.038303782376594986,-0.04796372917449038,-0.06054644615876211,-0.03200639950827497,-0.036838817724355565,494,510,177,215,436,529
2019-01,0.001241,0.030716,0.029475,-0.04912793446354895,0.03979378272755291,-0.036087561599135974,-0.015362145122064845,-0.0003844596190993697,0.013528125576958077,0.024608922421361288,0.05741258905202729,494,510,177,215,436,529
2019-02,0.001241,0.158988,0.157747,0.049451627311562774,-0.07033861569064889,0.24472900425167993,0.20997943641558017,0.1758300593143866,0.18799004489841595,0.1779818146941311,0.11621175845441147,494,510,177,215,436,529
2019-03,0.001241,0.066128,0.064887,0.043982948683463044,-0.01732277607256462,0.11663404142776033,0.11150940694588993,0.1040091645493941,0.06376882058012372,0.0946868009791708,0.04174814531336072,494,510,177,215,436,529
2019-04,0.001241,-0.012362,-0.013603,-0.012534910288092962,0.045483321114408524,-0.042982764316529955,-0.03659994574792001,-0.009886670820958966,-0.05034289601172155,-0.009049406730932994,0.007527652721524507,494,510,177,215,436,528
2019-05,0.001241,-0.059906,-0.061147,0.013557631039835094,-0.028244781097675004,-0.02446805015420436,-0.04432766387305535,-0.06436571944785938,-0.04473933069256839,-0.06776377230779261,-0.06133122359426338,494,510,177,215,436,528
2019-06,0.001241,0.031819,0.030578,-0.03902258376688706,0.023617045832810414,-0.009006956204465523,-0.005339905839244314,-0.0021373700079599794,0.002204212452942564,0.05581058887399095,0.042568717922057846,494,510,177,215,436,527
2019-07,0.001241,-0.002734,-0.003974999999999999,-0.017834801918236894,0.011850186734801678,-0.02751835082058335,-0.01619190960594914,-0.014639153731911662,-0.005958619501986598,-0.0037489457806919313,0.004862556878945067,493,518,217,244,465,519
2019-08,0.001241,-0.010224,-0.011465,-0.024752306453513197,-0.04069327934731931,-0.014271498600298322,-0.01630998274754661,-0.030613811430997236,0.0308154589906392,0.016474954464358725,-0.034228786873300505,493,518,217,244,465,519
2019-09,0.001241,0.006312,0.005071,0.014783307206293636,0.011334813682304662,0.013297742650285667,0.021051748420416187,0.01303839600890044,-0.0136124856371222,0.007333962728971233,0.00931648836887235,493,518,217,244,465,519
2019-10,0.001241,0.010164,0.008923,-0.01455967425964332,0.009474155888076484,-0.004804138649271528,-0.007053858756529726,0.006804838133771783,0.011468939092307479,0.008348650329175878,0.018808274085417135,493,518,217,244,465,519
2019-11,0.001241,-0.017493,-0.018734,-0.0019204971992549842,0.01669505096287908,-0.023974673324118317,-0.03352199092207373,-0.003459639276995166,-0.02343463830398677,-0.021200603196083734,-0.010559570425351762,493,518,217,244,465,519
2019-12,0.001241,0.067904,0.066663,0.006394405776909098,-0.008502054511667814,0.07605969929070013,0.0801998592242645,0.06770762599139464,0.07190265280675441,0.0696306972861533,0.06325061708272425,493,518,217,244,465,519
2020-01,0.001241,-0.014512,-0.015753,0.01133499965770751,-0.038820163968207116,0.006763096642636463,0.019177704879552143,0.00045719093629731117,0.03406511004766888,-0.004402804379899272,-0.037269312182406214,493,518,217,244,465,518
2020-02,0.001241,-0.016548,-0.017789,0.007269368791157452,-0.03093221052354038,-0.002484261884877456,0.006407681810575172,-0.00561876982501954,0.020445925333094337,-0.005665393832044179,-0.038283987773844334,493,518,217,244,465,518
2020-03,0.001241,-0.053996,-0.055237,0.02259505726860992,0.007922028252334914,-0.044345258093269765,-0.028735661406214485,-0.01778255582104482,-0.047040594824735694,-0.053848811709332346,-0.05775924059229082,493,518,217,244,465,518
2020-04,0.001241,0.044639,0.043398,-0.02746250513496356,0.0049500315482738505,0.013347371617388455,0.02932312956831892,0.028678600138266046,0.04531221804421082,0.06854334606477235,0.03988105261988093,493,518,217,244,465,518
2020-05,0.001241,0.003753,0.002512,0.03132346594229091,-0.010080778695123714,0.031653714240704546,0.03736060937211243,0.03050509905477753,0.0076808037722889775,0.009200359500464259,-0.011332138432031439,493,517,217,243,465,518
2020-06,0.001241,0.068492,0.06725099999999999,-0.018326894806183366,-0.045395987124690125,0.06995913485841998,0.07683698796602262,0.04137523649128779,0.09958849466257554,0.10618313029137752,0.03738041878032746,493,518,217,243,465,518
2020-07,0.001241,0.128972,0.127731,0.002284043180987433,-0.002205191649170518,0.11830647346344704,0.14007829414745737,0.14649476366271258,0.14025083210202025,0.15012441102422067,0.10765215860441368,485,514,263,272,497,494
2020-08,0.001241,0.025965,0.024724,0.00423619049342298,0.02552798938331958,0.013480540902206272,0.03149234323141904,0.03417451848283962,0.0020471657337256094,0.03198249848273898,0.03240916691973141,485,514,263,272,497,494
2020-09,0.001241,-0.05942,-0.060661,-0.025324728534190842,0.024541827612271958,-0.093214619803078,-0.08358234541955385,-0.08076980628776538,-0.07524959077972512,-0.06773224605760578,-0.03861074907049385,485,514,263,272,497,494
2020-10,0.001241,0.006929,0.005688,-0.020015778451283293,0.015462356933403025,-0.023792270212127726,-0.008373809744392098,-0.0036718728010864403,0.006876445789409393,-0.00034782543833993776,0.017680762245174158,485,514,263,272,497,494
2020-11,0.001241,0.049162,0.047921,0.0016432532075098052,0.017545497808000854,0.04655595136826751,0.049310496650875134,0.03948767655645935,0.02931108010777368,0.029642934309715343,0.07147035053558355,485,514,263,272,497,494
2020-12,0.001241,0.022248,0.021007,-0.08058108108255502,-0.05095297854268402,-0.03659872986889334,-0.03424637293908278,-0.04155527693522257,0.07700347296693591,0.07228532758963335,-0.019945937052102902,485,514,262,272,497,494
2021-01,0.001241,3.5e-05,-0.0012059999999999998,-0.09064039320071082,0.016082578479184845,-0.09259420250827788,-0.08563391795659137,-0.067157570203254,0.004922774767891473,0.009961414744880473,0.011651299421237283,485,514,262,272,497,494
2021-02,0.001241,0.006262,0.005021,0.06083255016387694,0.05428463502223338,0.04055395917126241,0.04624145417694545,0.07285434990784766,-0.04402930936869747,-0.011058147806061881,0.03223956993918405,485,514,262,272,497,493
2021-03,0.001241,-0.021829,-0.02307,0.07503952210772696,0.04236592209021023,0.02364995478297099,0.03507770836488652,0.059857644619260804,-0.05383617084874132,-0.04738507120271059,-0.005312016504610683,485,514,262,272,497,493
2021-04,0.001241,0.006467,0.005226,-0.009389399131028675,-0.03239704773772689,0.010847209369476692,0.009125577874329573,-0.0020522502146442393,0.03811542579933427,0.02175251871491238,-0.013779210091998591,485,514,262,272,497,493
2021-05,0.001241,0.04652,0.045279,0.017529704427404265,-0.03613116519974945,0.08363445310282565,0.06281391831357876,0.05019838397210712,0.06339886867649572,0.056086166022087644,0.024572607407715347,485,514,262,272,497,493
2021-06,0.001241,-0.002459,-0.0036999999999999997,0.009526514131229482,-0.031451024142400356,0.00771767955431759,0.02925991833434551,0.004735601359955278,0.040767479910741276,-0.00848133287611423,-0.01915249017969712,485,514,263,272,497,493
2021-07,0.001241,-0.048763,-0.050004,0.03185524754348085,-0.01953966655513952,-0.008020159969300103,-0.008554186195213554,-0.03436430760555436,-0.05301629627396007,-0.027736618378565645,-0.06575148174798484,431,562,287,337,462,480
2021-08,0.001241,0.050993,0.049752,0.042909031864348246,0.041746635458458685,0.08137531380189307,0.08383196757896366,0.08675940607312396,-0.004276943578250423,0.05368430037175036,0.07383223506743605,431,562,287,337,462,480
2021-09,0.001241,0.002338,0.0010969999999999999,-0.012711220337801454,0.025096296581702378,-0.018029898058051767,-0.03002226176887795,0.02042532672699997,0.011498086156686195,-0.02422671277825079,0.023235454535039213,431,562,287,337,462,480
2021-10,0.001241,-0.006349,-0.0075899999999999995,-0.02563266563774101,-0.0341940872659892,-0.016958864744538244,-0.026299217350158582,-0.032668936104934466,0.019383632337901247,0.014881817209371425,-0.03329447083368093,431,562,287,337,462,479
2021-11,0.001241,0.010788,0.009547,0.10741803322506069,-0.033155091796464746,0.1184620134674288,0.11508333860445648,0.09475154355477924,0.025067760372779677,-0.0014930111137969712,-0.017531953307500247,431,562,287,337,462,479
2021-12,0.001241,0.026868,0.025627,0.020114179618720255,0.033055281240627885,0.03256703781144229,0.044428575996248755,0.05343197794631365,-0.0013970555583489594,0.02763354166815743,0.04384856678803546,431,562,287,337,462,479
2022-01,0.001241,-0.080447,-0.08168800000000001,0.0010500287697021993,0.05319098033716727,-0.08713356196203347,-0.09211443222724419,-0.07070809729397305,-0.12403058860844712,-0.09500149658173718,-0.034074092602173006,431,562,287,337,462,479
2022-02,0.001241,0.030352,0.029111,0.029148845061192735,-0.0058854504108027325,0.06568796798826443,0.052337832502701194,0.05388368399535554,0.025720174262888043,0.03298921760566344,0.02575355743419146,431,562,287,337,462,479
2022-03,0.001241,-0.067812,-0.069053,0.06091899844871021,0.048593795785025096,-0.018239909994888562,-0.0290834079967187,-0.008392221452311197,-0.11325342680592393,-0.09930558420567408,-0.025913523778451103,431,562,287,337,462,479
2022-04,0.001241,-0.068775,-0.07001600000000001,-0.09275682711051261,0.04133314778435067,-0.1787428405634124,-0.1596380097501488,-0.1174233597881888,-0.062251181849302194,-0.07437817986508549,-0.04090436705582444,431,562,287,337,462,479
2022-05,0.001241,0.052139,0.050898,0.0754239195006737,-0.04848974494279007,0.14752142194040643,0.12787450090542113,0.09661465080141504,0.061987882594092866,0.06783576870362448,0.015915163847504098,428,561,287,337,462,479
2022-06,0.001241,0.078323,0.077082,-0.03436489478332372,-0.06472671238056087,0.0594661638234831,0.06990523310633937,0.034380289232331065,0.14302570525805253,0.08516251016598933,0.03865815508808284,431,562,286,337,462,479
2022-07,0.001241,-0.030003,-0.031243999999999997,0.08068487136743105,-0.00835513757077967,0.041585176809850244,0.04823635172681471,0.04053187185292674,-0.028284517428007302,-0.03947520867205101,-0.04394148761264314,464,545,284,314,493,493
2022-08,0.001241,-0.017846,-0.019087,-0.0029289994980507272,0.030292514113761382,-0.02953948305408514,-0.03178774948419111,-0.02282367263541042,-0.04800723434608548,-0.033218655796211576,0.005861983462762564,464,545,284,314,493,493
2022-09,0.0013650000000000001,-0.060745,-0.06211,-0.019743569252487825,0.028453086303884455,-0.09076991471297512,-0.08585916282683237,-0.07041237486972779,-0.07686133740167654,-0.07063670261324033,-0.04031270463715496,464,545,284,314,493,493
2022-10,0.0013650000000000001,-0.046476,-0.047841,0.0759241604470911,-0.06002769533507729,0.04689900375637021,0.04194558069252872,-0.0011957837388868115,0.003300340526676824,-0.07476375850971727,-0.06866026264822074,464,545,284,314,493,493
2022-11,0.0013650000000000001,0.09664,0.095275,0.0014291790624624823,0.05499144998642602,0.07873083023866025,0.08135746935382955,0.09681673792374164,0.03414864572410851,0.09242321659285635,0.12604563801187915,464,545,284,314,493,493
2022-12,0.0013650000000000001,-0.018204,-0.019569000000000003,-0.027986803385012166,-0.006063318516825358,-0.03602742480775455,-0.04483799706141056,-0.03947040158984127,-0.015466095920441297,0.0032404387884766945,-0.024149756172005297,464,545,284,314,493,493
2023-01,0.0013650000000000001,0.061284,0.059919,0.0015413211415923334,-0.017402048294036312,0.06679439808027343,0.07807855139429676,0.058999750331433384,0.07715606313093981,0.07194605895857953,0.050146614291707234,464,545,284,314,493,493
2023-02,0.0013650000000000001,0.007607,0.006242,0.03945217232237578,0.019917344561127585,0.03403955917990652,0.037117480840403644,0.04846582895963185,-0.014154607575384266,0.004167147821053363,0.011253811767145568,464,545,284,314,493,493
2023-03,0.0013650000000000001,-0.008926,-0.010291,-0.02068149735487266,0.010688671647903939,-0.03143507063363287,-0.02766643359405136,-0.0275850437921681,-0.013868095402454497,-0.014433181604668468,0.003659221051888609,464,545,284,313,493,493
2023-04,0.0013650000000000001,0.001296,-6.900000000000005e-05,-0.008978826082921578,0.07410666341655105,-0.03966101777607495,-0.02885096584784755,0.015979623918566627,-0.03784228857450935,-0.04248398944603294,0.05473039656395116,464,545,284,313,493,493
2023-05,0.0013650000000000001,-0.035115,-0.03648,0.047665474071691236,-0.003251354268480531,0.004409112928957359,0.021698116356275946,-0.0088289651339988,-0.04438035342674059,-0.043692820736353104,-0.0376449839007455,464,545,284,313,493,493
2023-06,0.0013650000000000001,0.016829,0.015464,0.012400060572754657,-0.00673538545951784,0.028755397273533264,0.034984355902315724,0.028797674974480394,0.024530924780742324,0.019788445490563585,0.011017876160759513,464,545,284,313,493,492
2023-07,0.0013650000000000001,0.042267,0.040902,-0.01339657769903307,0.03433086380737275,0.017164265783959725,0.011853896191352686,0.03373907937449011,0.0034127525544240607,0.04403455531383849,0.055499666578639174,469,508,258,272,480,482
2023-08,0.0013650000000000001,-0.056147,-0.057512,0.009025650955544584,0.006439771182988212,-0.04789896139584987,-0.051751796736703465,-0.055447352134363435,-0.07494417401082983,-0.05271464821638086,-0.05451624090633984,469,507,257,272,480,482
2023-09,0.001283,-0.004439,-0.0057220000000000005,0.015210656198403599,0.013042898743838478,0.005470008916047795,0.010725011117199177,-0.0014323026189984617,-0.02168471836719212,-0.020487923469301256,0.011303390655531095,469,507,256,272,480,482
2023-10,0.001283,-0.028093,-0.029376,0.025805104742892375,-0.026220320486527098,0.005503729164362473,0.004982542760906945,-0.01930896123055735,-0.014793719920896667,-0.029022613114037366,-0.04242167049903104,469,507,256,272,480,482
2023-11,0.001283,0.000892,-0.00039100000000000007,0.051293742941115564,-0.0163182566769442,0.056066956056615956,0.05355299946861822,0.03096660786483015,8.09058775380315e-05,-0.005920312026255847,-0.007455259284564558,469,507,256,272,480,482
2023-12,0.001283,-0.019515,-0.020798,0.001916629096211795,0.015528984146594173,-0.02836502397379049,-0.01457899027146998,-0.013272543922881054,-0.026990687916826038,-0.023950557865403743,-0.011025199674547124,469,507,256,272,480,482
2024-01,0.001283,-0.071049,-0.07233200000000001,-0.08617462545307907,0.11654498965194332,-0.1919269726402587,-0.18784290073067417,-0.1318268690262983,-0.15451903152070098,-0.11702467868651815,0.018470844169225224,469,507,256,272,480,482
2024-02,0.0012,0.080776,0.079576,-0.06995541030138303,-0.023976832706904705,0.02516196293575722,0.03385229454311961,0.03280592827173071,0.1276306135023371,0.1020228203998653,0.0720329827525542,469,506,256,272,480,482
2024-03,0.0012,0.015319,0.014119,0.05433816438859715,0.0012443347368539248,0.0617588494104464,0.0678520486035578,0.0645006411104321,0.013333743856646546,0.004682680471629612,0.013080621630368683,469,506,256,272,480,482
2024-04,0.0012,0.018074,0.016874,-0.028012748606832366,0.03751342133006204,-0.03615173107657095,-0.0013095042270279578,0.013484330062986332,0.006162949337633976,0.022344660384049777,0.03155373085820077,469,506,256,272,480,482
2024-05,0.0012,-0.005255,-0.006455,-0.005703826319282334,0.03160805222452796,-0.02997992621912358,-0.010760939809223694,-0.00899958713122998,-0.03315263906403341,-0.00855946143482578,0.009083126297128926,468,506,255,272,480,482
2024-06,0.0012,-0.036802,-0.038002,-0.055356692741420625,0.03143286049950665,-0.09975407358483283,-0.09518413686612365,-0.08592418841724794,-0.05585264429675005,-0.05212286788187085,-0.006816808465321621,468,506,255,272,480,482
2024-07,0.001118,-0.000149,-0.0012670000000000001,0.001390605681550871,-0.02765437603252956,0.02403621472318206,-0.003871209011509113,0.002971486377746511,0.026369776844163372,0.0004691450760636713,-0.007874246875460199,534,521,204,221,488,552
2024-08,0.001118,-0.029908,-0.031026,-0.004090495840162245,0.012021692213535481,-0.03743857226752451,-0.038335589171153484,-0.041402189461058427,-0.050283468779264213,-0.03234492744132613,-0.022276467158659337,534,520,204,221,488,552
2024-09,0.001118,0.179573,0.178455,0.004757850066732239,-0.042091408671200314,0.21172157782556394,0.18901579828085752,0.18072183920892962,0.2080552905905521,0.2042581626598164,0.1548722118647858,533,520,204,221,488,552
2024-10,0.001118,-0.012093,-0.013211,0.0522901328879229,-0.09050640247438096,0.09706263205446719,0.03229047511115319,0.02043954753772301,0.06398100397433515,-0.030650031477077847,-0.0404087164576826,533,520,204,221,488,552
2024-11,0.001118,0.008954,0.007836,0.05564854670841893,-0.003567197208524178,0.054001029973079435,0.07336157968529075,0.057185298980166895,0.011324254211023016,0.005272423515370079,0.0010055907868871984,534,520,204,221,488,552
2024-12,0.001118,0.003834,0.002716,-0.03821735278511537,0.04142731888040119,-0.05205909472048443,-0.03736107247157401,-0.030944030166719934,-0.0293169525914962,-0.008817807027477729,0.03242262061554168,534,520,204,221,488,552
2025-01,0.001118,-0.027389,-0.028507,0.009978964657951724,-0.004751114368343034,-0.017456644148525418,-0.006211481641966407,-0.02496023563088458,-0.02294872838968345,-0.030669161361537762,-0.02494736564401035,534,520,204,221,488,552
2025-02,0.001118,0.021087,0.019969,0.02962652085748745,-0.05095947262161213,0.08138272877674471,0.05504144124434802,0.0413310260363534,0.05867263327122996,0.033397609445356816,-0.003194609231602995,534,520,204,221,488,552
2025-03,0.000912,0.006764,0.0058519999999999996,0.007476130504328291,0.029782853867067572,-0.007037421072994085,0.013675642920960327,0.02157063525300388,-0.014224794112525571,0.003272402404899217,0.01673285729561161,534,520,204,220,488,552
2025-04,0.000912,-0.023043,-0.023955,0.008745191484132525,0.00014148925387345856,-0.019957887518465965,-0.008117209372759978,-0.017271717357728634,-0.02013962880736302,-0.0288999394336357,-0.02254282046035344,534,520,204,220,487,552
2025-05,0.000788,0.026746,0.025958,0.03952894864509191,0.003559927957868886,0.0647723888036298,0.05160435142657363,0.05424830825886387,0.011257484056068509,0.011879297981150828,0.028901420516572216,533,520,204,219,487,551
2025-06,0.000788,0.033324,0.032536,0.013401210765029738,-0.010056294823354628,0.05230932499288477,0.046635697822513,0.03813428400050154,0.03968841138408629,0.023436400406963532,0.03375086272976027,534,520,204,219,487,551
2025-07,0.000788,0.041299,0.040511000000000005,-0.0028394200874822945,-0.0014526751997052043,0.033851556216777365,0.041223938055947096,0.05382653697560384,0.06201470815048549,0.03627120636804111,0.03913437699224861,468,491,253,259,479,473
2025-08,0.000788,0.073794,0.073006,-0.037246902621732615,-0.05105797483041855,0.06445080919101241,0.05973128158313246,0.0498991874354494,0.14100722367505605,0.09137186662995417,0.053442895769781944,468,490,253,259,479,473
2025-09,0.000788,0.00505,0.004262,-0.0070570534750900695,0.0013876458456034565,-0.0073678923082008485,0.006610077318858091,0.004933899187552147,-0.002028982112224028,0.03893170865247374,-0.01155548191677011,468,490,253,258,479,473
2025-10,0.000788,0.020933,0.020145,0.01969311719028981,0.03238651400779938,0.02349646736456563,0.023086909302380523,0.03053051066367211,-0.010804143771147788,-0.018096161414447882,0.046934840945344496,468,490,253,258,479,473
2025-11,0.000788,-0.013307,-0.014095,0.031722097760454475,0.00823006308570708,0.01771554201988821,0.005431540785342705,-0.0050644483872052575,-0.040245865186651096,-0.035832045068543206,-0.001005748608143468,468,490,253,258,479,473
2025-12,0.000788,0.024296,0.023508,-0.016425532730567582,-0.02095471551513845,0.01786039481234382,0.022102340485734544,0.020083563794257384,0.06192368195215816,0.02960813339191264,0.017791081939967684,468,490,253,258,479,473
