Trdmnt,RF,MKT_RF,SMB,HML,UMD
1992-07,0.006091999999999999,-0.005339999999999999,0.005426778784701963,0.06919928406215847,0.14390701357861874
1992-08,0.006091999999999999,-0.15972999999999998,-0.10474616419432843,0.08599436170929785,-0.0083501276293321
1992-09,0.006091999999999999,-0.111104,-0.09914120696470485,0.11074183383011348,0.03000804894750983
1992-10,0.006091999999999999,-0.216333,-0.09051880978622215,0.08174083678477198,0.13657785263259903
1992-11,0.006091999999999999,0.205242,0.23113326160180095,-0.271110022506261,-0.643125755145096
1992-12,0.006091999999999999,0.174373,-0.02283735560651355,0.10855042920963527,0.11517983106443588
1993-01,0.006091999999999999,0.450274,0.20490841174997493,-0.1533062812789145,-0.24881781771593917
1993-02,0.006091999999999999,0.145876,0.05970519929814566,0.09584177442379174,0.06934898248787255
1993-03,0.006091999999999999,-0.26582,-0.14747668059995955,0.03580048241327455,0.23038644342521034
1993-04,0.006091999999999999,0.16598000000000002,0.2598384360593733,-0.13118277339556417,-0.2086317494100059
1993-05,0.007346,-0.278619,-0.10669562685149511,0.05574723182722516,0.05465724091990798
1993-06,0.007346,0.032818,0.0733147757284346,-0.04009023081176093,-0.00639289387199146
1993-07,0.008719,-0.172414,-0.02978425537757201,-0.028814797650178817,-0.016871172861668268
1993-08,0.008719,0.038457000000000005,-0.008207262519243877,-0.08763155133425073,-0.053687599507632376
1993-09,0.008719,-0.035323,0.060902102103679225,0.0725667901410033,0.06143065170910915
1993-10,0.008719,-0.093305,0.0500655168818635,-0.007196339908759092,0.1010589340867083
1993-11,0.008719,0.158489,0.1301920901722945,0.12422780810242338,0.07712716995196231
1993-12,0.008719,-0.142983,-0.00046920287119542325,-0.14328843167194572,-0.0682579531014593
1994-01,0.008719,-0.11059100000000001,0.08541114145436339,0.04354985457611134,0.10529977384621184
1994-02,0.008719,-0.0011379999999999993,-0.012546939799366382,-0.038537778473066706,-0.03840165587914306
1994-03,0.008719,-0.10909100000000001,0.11509149486665479,0.11116203149589551,0.039464760433932544
1994-04,0.008719,-0.168546,-0.01704484205669063,-0.00911671018565402,-0.03652548501741365
1994-05,0.008719,-0.071367,0.0016942043647580896,-0.013271409515479476,-0.02269713926978613
1994-06,0.008719,-0.17497100000000002,-0.014374636894828624,-0.028753062920784722,0.062003230898417944
1994-07,0.008719,-0.28668299999999997,-0.05380114001959957,0.05970927374385904,-0.07050839343659432
1994-08,0.008719,1.190882,0.2142479958190191,-0.30020823182395384,0.28005465371353644
1994-09,0.008719,0.050287000000000005,0.041322803694257795,0.02699657187222202,-0.09448306419829483
1994-10,0.008719,-0.19931000000000001,0.03488910066374282,0.01317084287886372,-0.008117441098349748
1994-11,0.008719,0.030487,-0.028179283831698727,-0.04142843537100525,0.08555147923770415
1994-12,0.008719,-0.063443,0.002074150729905827,-0.007572567523533094,-0.005474916646868638
1995-01,0.008719,-0.133881,-0.00629412866558432,0.003172976698879143,-0.0406702928701832
1995-02,0.008719,-0.025491,-0.001080521047780541,0.025294355216064393,-0.025216492256498142
1995-03,0.008719,0.143852,0.012829905791101631,-0.08137507908846904,0.13670356170915854
1995-04,0.008719,-0.10951100000000001,0.005703651073134669,-0.0019138033800809306,-0.007267676977929349
1995-05,0.008719,0.177121,0.04309423203880455,-0.088068371987957,0.059452615320860575
1995-06,0.008719,-0.100541,0.003924816749008436,0.023728453793306375,-0.0703744660808033
1995-07,0.008719,0.077017,-0.019514061430194088,0.06085684368873278,-0.048956367429461856
1995-08,0.008719,0.037688,-0.03429113980829844,0.14998798245993927,-0.12809358206083035
1995-09,0.008719,-0.012865999999999999,-0.013514485655267604,0.08002717600757145,-0.03594689133273387
1995-10,0.008719,-0.004262999999999999,0.004151185616028553,0.052034619577350644,0.00524477498144987
1995-11,0.008719,-0.101937,0.015570013991614035,-0.08038270215602811,-0.04747772416584343
1995-12,0.008719,-0.13272899999999999,0.0057656416663214305,0.014194605256901721,-0.012843638266751209
1996-01,0.008719,-0.046207,0.001208144112860965,0.07868643490533597,0.06549177248075119
1996-02,0.008719,0.021061999999999997,-0.011912659038073776,-0.03630205895760212,-0.02443636903175637
1996-03,0.008719,-0.0020429999999999997,-0.0025685093688293716,0.003456864119075044,0.01265841178009667
1996-04,0.008719,0.28531500000000004,0.025795004096015206,0.026338366277534497,-0.10734086703317397
1996-05,0.007346,-0.037826,-0.08088113049028609,0.09372833090378759,0.05680526734885066
1996-06,0.007346,0.233023,-0.16004727855481643,0.07000839222619915,0.08760541467498598
1996-07,0.007346,0.11660899999999999,0.1444968746043807,0.27947220981477977,0.09774449783347741
1996-08,0.006022,-0.008086,-0.04042860553009005,0.03948223091874086,0.02145279273224821
1996-09,0.006022,0.057051000000000004,-0.02492742413019474,0.009421244238628605,0.02401157333090291
1996-10,0.006022,0.195685,0.19301983214206037,0.28917403548187226,0.1322680772781223
1996-11,0.006022,0.0724,0.060517034773626285,0.048369673968364474,0.05469028044882623
1996-12,0.006022,-0.178257,-0.0815004358983358,-0.07915267530837825,-0.09729471545119617
1997-01,0.006022,0.062666,0.046522178798148336,0.05893678978814433,0.09295411774548375
1997-02,0.006022,0.051526,0.0315331568620735,-0.041147868487707656,-0.07721356660505542
1997-03,0.006022,0.186053,0.01551390168492564,-0.036491929494231884,0.007090080900404028
1997-04,0.006022,0.092296,-0.06267753996020096,-0.07563684251789471,-0.018723648292563372
1997-05,0.006022,-0.090384,-0.051797039779572854,0.030541117154393088,0.036777153681220365
1997-06,0.006022,-0.005109,-0.006299825536901495,-0.0007492921109480642,0.09659647886891698
1997-07,0.006022,-0.07227599999999999,0.05184717228716816,0.01273774251045032,-0.07960026063945831
1997-08,0.006022,-0.012554,0.040132469717549156,0.09906160443360462,-0.14508806846302125
1997-09,0.006022,-0.113825,0.011079247972470535,-0.03504910333662531,-0.023594953012325587
1997-10,0.004606,0.130397,-0.044262354558220154,-0.045321977666286845,0.04380906313172869
1997-11,0.004606,-0.050931,0.018436594199689484,-0.012541072470067558,0.016491625020540177
1997-12,0.004606,0.039111,0.06257741716627781,-0.035392725131093046,0.035646744879462886
1998-01,0.004606,0.015380000000000001,0.03170332805637591,-0.006327946665171804,-0.0030247904779975784
1998-02,0.004606,-0.02684,0.03343171059176915,0.042652787855089316,-0.04399714073777432
1998-03,0.004249,0.019508,0.05123752357153125,0.020146849474748006,0.015516668100282523
1998-04,0.004249,0.08483399999999999,0.07669057460430502,0.016676476826164563,0.013605370102542619
1998-05,0.004249,0.050670999999999994,0.05712645834454226,0.02799435529189015,-0.07450297192058465
1998-06,0.004249,-0.064532,0.0036365168425790684,-0.021141604703347985,0.018058108634993533
1998-07,0.003891,-0.018129,0.014668962045188997,0.0277847565942521,0.006890276534197196
1998-08,0.003891,-0.13119,0.03066852551288765,-0.0024162625982264985,0.05818367961932233
1998-09,0.003891,0.075624,0.07184108304020732,0.01851871093676813,-0.007732578643331392
1998-10,0.003891,-0.015688,0.04663232448807565,-0.03948145958655909,0.007850055296412712
1998-11,0.003891,0.017178000000000002,-0.02284784763519205,-0.017366172331253676,-0.01379138537717635
1998-12,0.003097,-0.08444600000000001,-0.026263053266099776,-0.0034508546429243975,-0.036521238464214206
1999-01,0.003097,-0.013173999999999998,0.021985080338685264,0.010887290114308126,0.013845063268136875
1999-02,0.003097,-0.04646,0.0068521684446070305,0.001981184447094872,0.024145160986222818
1999-03,0.003097,0.06401899999999999,0.06368816924343214,0.06695212102381656,-0.012130857886524918
1999-04,0.003097,-0.037868000000000006,-0.006945876648092653,0.023080553375779623,0.006658361012502258
1999-05,0.003097,0.11778999999999999,-0.050257593823893276,-0.06696480504922189,0.06268105231112789
1999-06,0.0018559999999999998,0.336541,-0.027065549102158415,0.003321311899108892,-0.013579677891092046
1999-07,0.0018559999999999998,-0.058538,0.020954447983366285,0.018087229139760977,-0.009688794959284971
1999-08,0.0018559999999999998,0.007424999999999999,0.05274987251180768,0.035193498702131856,-0.019148119045137253
1999-09,0.0018559999999999998,-0.028507,0.007217232284997172,-0.0201652264063492,-0.009972328651436338
1999-10,0.0018559999999999998,-0.04632699999999999,0.021150974756791344,-0.0027714666270707636,-0.0041160040472789095
1999-11,0.0018559999999999998,-0.043836,0.03372698675520474,0.0031490280086961878,-0.01849571194825366
1999-12,0.0018559999999999998,-0.05169,-0.014385713932509259,-0.04371841926551605,0.03868757156961585
2000-01,0.0018559999999999998,0.139184,0.015003427520716983,-0.09022531468683667,0.13484375540865295
2000-02,0.0018559999999999998,0.117069,0.021928123314693612,-0.02107747697312365,0.012615821090119078
2000-03,0.0018559999999999998,0.058868000000000004,0.07399111396752411,0.032673037012375325,-0.0742092990246753
2000-04,0.0018559999999999998,0.015016000000000002,-0.012830993474494304,0.017480415653400236,-0.03087418312965575
2000-05,0.0018559999999999998,0.027618,0.02026013785439914,0.026400191901653075,-0.012478145387647677
2000-06,0.0018559999999999998,0.022364,-0.01895264697139582,0.03243079507738646,-0.06314338953020607
2000-07,0.0018559999999999998,0.044032,0.022975811965993374,0.03869315106538372,-0.03630832505276356
2000-08,0.0018559999999999998,-0.007383,0.040227498620780885,-0.017569434091928116,0.0011629709252762568
2000-09,0.0018559999999999998,-0.050122,0.03445876517329123,-0.031606008382061165,0.02968195687006597
2000-10,0.0018559999999999998,0.023531,0.0356314072250103,0.029644137961009075,-0.027011570231641788
2000-11,0.0018559999999999998,0.054976000000000004,0.009212770689333329,0.010193623409445879,-0.019742811679497624
2000-12,0.0018559999999999998,-0.0036239999999999996,0.020451238749714544,-0.0002076508498083298,-0.014516955469140674
2001-01,0.0018559999999999998,-0.01026,-0.006124946451666608,0.04123873830622794,-0.026884082716641455
2001-02,0.0018559999999999998,-0.060557999999999994,-0.010284114423195538,0.0337063003035496,0.007388819904376717
2001-03,0.0018559999999999998,0.070619,0.025701070561920072,0.0009882591517082068,0.008978165025794627
2001-04,0.0018559999999999998,-0.007202,0.0315791475332534,-0.02915100014853336,0.0025024229118404432
2001-05,0.0018559999999999998,0.034636,0.05908508712730329,-0.003418913382149877,0.01634252800384576
2001-06,0.0018559999999999998,0.004548,0.005181742455109296,0.015813958219593978,-0.013533028073247064
2001-07,0.0018559999999999998,-0.134055,-0.0035631679328378685,-0.006936624517863865,0.011886863499533051
2001-08,0.0018559999999999998,-0.037968999999999996,0.015595598704948945,-0.00845992106561741,0.024692919003965155
2001-09,0.0018559999999999998,-0.049926,-0.024586845165139502,0.010758904707932462,-0.031098081697274023
2001-10,0.0018559999999999998,-0.049696,-0.01958774516357962,0.028471149883381563,-0.0037883318072333555
2001-11,0.0018559999999999998,0.035167000000000004,0.022265959243848672,0.0061519481205344895,-0.03299936340171845
2001-12,0.0018559999999999998,-0.063525,-0.013558449188360973,0.015668706685627684,0.029414677635416914
2002-01,0.0018559999999999998,-0.10231,-0.037735119666242156,0.0011950144827775205,0.021756000767912745
2002-02,0.0016350000000000002,0.024978999999999998,0.014411362579592402,-0.002541620141542418,-0.03755021631799383
2002-03,0.0016350000000000002,0.058915,0.02595361610571579,-0.004269301038763468,-0.033720595893139985
2002-04,0.0016350000000000002,0.040760000000000005,0.027414717689207682,0.02556117984828111,-0.011904911629514438
2002-05,0.0016350000000000002,-0.087821,-0.0014019140361201249,-0.010878231508297337,-0.004043825651917007
2002-06,0.0016350000000000002,0.14102900000000002,-0.0365883272663733,0.05097299450738069,-0.029633752903625132
2002-07,0.0016350000000000002,-0.045097,0.008758341051937797,-0.0162773082956695,0.016596306571320222
2002-08,0.0016350000000000002,0.007814000000000002,0.0023049936291090027,0.0008593000018071884,-0.0002609288923532526
2002-09,0.0016350000000000002,-0.055105999999999995,-0.008525902372085364,-0.0049202721296447705,0.023190062418872094
2002-10,0.0016350000000000002,-0.052369,-0.014649998731900392,-0.0002842173622193689,0.012002681858155548
2002-11,0.0016350000000000002,-0.058643,-0.04053622006319694,0.008853855234773805,0.025700752039531843
2002-12,0.0016350000000000002,-0.054276,0.0012965544974756493,-0.01653947244420398,0.017168578031103443
2003-01,0.0016350000000000002,0.098056,0.01331182911279176,0.01503567978236324,-0.05267760358179331
2003-02,0.0016350000000000002,0.007180999999999999,0.009885053447013004,0.004278221213275394,0.0009070414448744922
2003-03,0.0016350000000000002,-0.008456,-0.026264148215865177,0.01465581778259673,0.033926832857168444
2003-04,0.0016350000000000002,-0.004409,-0.057091652767642595,0.04300462994030695,0.03908902766987864
2003-05,0.0016350000000000002,0.040838,-0.010562943517670662,0.006299698436482815,-0.0222621433613531
2003-06,0.0016350000000000002,-0.06292400000000001,-0.006876108820769805,0.005817420934014175,0.007144154860163898
2003-07,0.0016350000000000002,-0.012454,-0.03751845563854905,0.014694634980826633,0.02360498504482349
2003-08,0.0016350000000000002,-0.035261999999999995,0.01915543963058626,-0.010776363875402945,-0.03115053403256942
2003-09,0.0016350000000000002,-0.044417,-0.007477213578705295,0.01048293852852903,-0.0033484927790881427
2003-10,0.0016350000000000002,-0.024318,-0.06738875472080182,0.06248284105878518,0.07334119332904006
2003-11,0.0016350000000000002,0.024197999999999997,-0.012055590052818964,0.0446549798889265,-0.035873206830768514
2003-12,0.0016350000000000002,0.055557,-0.08627772102909914,0.06774104809869586,0.08793024492700544
2004-01,0.0016350000000000002,0.06221,0.03371993364733051,-0.0050713808549826545,-0.060592397707798076
2004-02,0.0016350000000000002,0.063289,0.04460763163961332,-0.01040069340448005,-0.06173510493074148
2004-03,0.0016350000000000002,0.036153000000000005,0.016998129189726464,0.02207925477662077,-0.01617972054952098
2004-04,0.0016350000000000002,-0.094472,0.0028836283202249152,0.03239297714789274,0.04240891113870916
2004-05,0.0016350000000000002,-0.024757,0.012647118064058856,0.0014155868769273779,-0.00925643179028663
2004-06,0.0016350000000000002,-0.10341399999999999,-0.028807468261308672,0.016473872393424502,0.023515451001473925
2004-07,0.0016350000000000002,-0.009932,-0.037137485333136454,0.0078513308570916,0.034294980642263884
2004-08,0.0016350000000000002,-0.039136,-0.013411963543749371,0.017150372352628618,0.003717304705723616
2004-09,0.0016350000000000002,0.046970000000000005,-0.0067065151234287634,0.004523637445991269,0.02708491584932579
2004-10,0.0018559999999999998,-0.056823,-0.026415621489213746,-0.013945865424395534,0.04832416523533367
2004-11,0.0018559999999999998,0.015139,0.04284276610110577,-0.004363478677337461,-0.06071333683522218
2004-12,0.0018559999999999998,-0.06306,-0.026525250024902546,0.011552619468346764,0.04386542750481258
2005-01,0.0018559999999999998,-0.062469,-0.014315447763895997,-0.007191446163330159,-0.002955009591728716
2005-02,0.0018559999999999998,0.094376,0.01267363200569012,0.00643650047083269,-0.017004089724673405
2005-03,0.0018559999999999998,-0.098813,-0.03894030454768646,-0.010805450120688245,0.04586191855340928
2005-04,0.0018559999999999998,-0.028524,-0.07042429110958448,0.0050825529881805345,0.03477398407251171
2005-05,0.0018559999999999998,-0.08086399999999999,0.047261359813361964,0.0012084851441709205,-0.06604764552910683
2005-06,0.0018559999999999998,0.019482,-0.02238095060361393,-0.012831394423430223,0.02330217774695966
2005-07,0.0018559999999999998,-0.0040279999999999995,-0.0922603968364158,-0.006919371442523352,0.07083289292326331
2005-08,0.0018559999999999998,0.08622400000000001,0.10741038445529366,-0.014572209242059611,-0.10239620413551527
2005-09,0.0018559999999999998,-0.0028139999999999997,0.02503984921405049,-0.01222363287427573,-0.00028682859906234426
2005-10,0.0018559999999999998,-0.054674999999999994,-0.01138024575030449,-0.010993064386711146,0.02131545648350361
2005-11,0.0018559999999999998,0.0022189999999999996,0.020966760827603726,0.012030233669298148,-0.03038707828882323
2005-12,0.0018559999999999998,0.057563,-0.057463090179876095,0.015645162207923554,0.023384238552793053
2006-01,0.0018559999999999998,0.089218,-0.016444798119827103,0.013176392468433107,-0.006975837869773516
2006-02,0.0018559999999999998,0.03709200000000001,-0.009607306377286157,0.013380968965565336,-0.03419897230370031
2006-03,0.0018559999999999998,0.006170999999999999,-0.005556212444657079,0.009379154271648411,0.052175867594315806
2006-04,0.0018559999999999998,0.120967,-0.04027869745306248,-0.012519530002508245,0.09945478403658278
2006-05,0.0018559999999999998,0.18210400000000002,0.11919627202270125,-0.0019082751103876583,-0.1086258180167961
2006-06,0.0018559999999999998,0.033732000000000005,0.04411381510401602,0.011902793166151476,-0.010737371394098326
2006-07,0.0018559999999999998,-0.060994,0.05286902182983295,-0.004578313322789233,-0.012151652170042604
2006-08,0.002076,0.026435,-0.005855524540544575,-0.014019409975189301,0.020438605647340603
2006-09,0.002076,0.052216,0.005493933263948141,-0.029214157658728597,-0.014433740796932396
2006-10,0.002076,0.03218,-0.05075999144948789,0.02043674733991646,-0.011024674958250352
2006-11,0.002076,0.135252,-0.14503429071043603,-0.010362445183286426,0.017007711291866012
2006-12,0.002076,0.23762,-0.1202773780371588,-0.014681729050676981,0.006877164321284754
2007-01,0.002076,0.087338,0.06819915219601597,-0.003974864313803006,-0.024562655716930892
2007-02,0.002076,0.052243,0.13923620723762362,0.07669290594070148,-0.07124421412932981
2007-03,0.002296,0.11154199999999999,0.11950456440081667,0.0006877834700440011,-0.056286751030336896
2007-04,0.002296,0.21780000000000002,0.09138600780874384,0.084951735114356,-0.009336419830743348
2007-05,0.002515,0.078128,-0.014962449904442995,-0.006697907156964056,0.018624550407749588
2007-06,0.002515,-0.073607,-0.09349750484954097,-0.0714128458790639,0.0008387790594840683
2007-07,0.002734,0.174657,0.0795549707292737,0.05394458996864221,0.012309053240666223
2007-08,0.002952,0.163314,-0.045744916656512674,0.009662725724446986,0.006149276999378922
2007-09,0.003169,0.059097000000000004,-0.038079926738001105,0.06429048638827599,0.01146241878083415
2007-10,0.003169,0.046328,-0.14028930533960127,-0.09383526376508741,-0.027914846847958634
2007-11,0.003169,-0.158198,0.09191451410241994,0.005395270663519178,-0.08876828293825681
2007-12,0.003386,0.09242,0.06364124137062482,0.03267688297795815,0.013578193114118231
2008-01,0.003386,-0.158913,0.08336922790090512,-0.00406312580126085,-0.03343861107178364
2008-02,0.003386,-0.000523,0.09123799552306879,0.033830594215226065,-0.004751430862135697
2008-03,0.003386,-0.206816,0.010436637735238119,-0.033687777211546505,-0.047126320042006564
2008-04,0.003386,0.048337,-0.07954746252689852,-0.02865963245539537,-0.030644063239045505
2008-05,0.003386,-0.06993100000000001,0.04946563187201926,0.02770318935370182,0.0017725515962368418
2008-06,0.003386,-0.21147,-0.024438197078676394,-0.043129022257766075,0.0006972694420439018
2008-07,0.003386,0.01852,0.09642643656636503,0.005166946861761584,-0.022201326739009458
2008-08,0.003386,-0.155629,-0.08695936694188519,0.051366688988928266,-0.03262564466318804
2008-09,0.003386,-0.049794,-0.0532595466620528,0.003232427614937139,-0.026860196346677884
2008-10,0.002952,-0.25358400000000003,-0.006460179974556862,0.0283699911741066,0.0174281136448296
2008-11,0.002076,0.094672,0.11587964838001344,-0.0030809349230596916,-0.0725118312240409
2008-12,0.0018559999999999998,-0.018736,0.09919776473760229,-0.04382277186756779,-0.005606108939020846
2009-01,0.0018559999999999998,0.094914,0.06446351854201982,-0.0012351434378965048,-0.048395883038254414
2009-02,0.0018559999999999998,0.052021000000000005,0.038481965316344534,0.0047621945406306765,-0.042565629620333126
2009-03,0.0018559999999999998,0.14932,0.09334560895299915,-0.02783208056016695,-0.06590887528437123
2009-04,0.0018559999999999998,0.04630600000000001,0.0312911074164171,0.012179662728670104,-0.02242914079925175
2009-05,0.0018559999999999998,0.06139800000000001,0.012329914560409827,-0.023182947105577556,-0.04926457291134008
2009-06,0.0018559999999999998,0.12423100000000001,-0.07665164049923043,0.04518887325987739,-0.04038981031633786
2009-07,0.0018559999999999998,0.154873,-0.01579543743315226,0.022517888866995073,-0.04266668894941003
2009-08,0.0018559999999999998,-0.214734,0.06653444241586853,-0.045781144697706,-0.00885726097451181
2009-09,0.0018559999999999998,0.043721,-0.025891269842739473,-0.0043328271787532735,0.026359154051076354
2009-10,0.0018559999999999998,0.083528,0.04247020621970267,0.00023381400717968626,0.039551385235216244
2009-11,0.0018559999999999998,0.07670300000000001,0.08136611030604295,-0.009901464833361726,0.0021697015993197982
2009-12,0.0018559999999999998,0.021838,0.016851752173444753,0.027310304912226947,-0.03262432283617492
2010-01,0.0018559999999999998,-0.08497199999999999,0.07242763782877523,-0.02592901721654546,-0.02393013204013631
2010-02,0.0018559999999999998,0.025195,0.05112251965020227,0.0033140586578405545,0.019198798080858184
2010-03,0.0018559999999999998,0.01962,0.02416067361480425,0.007283281441023304,0.006306699197370296
2010-04,0.0018559999999999998,-0.07868,0.014240872517270728,-0.027904422812960822,0.008689084073461542
2010-05,0.0018559999999999998,-0.090748,0.006207603803331005,-0.028935707161089647,0.03239800956324676
2010-06,0.0018559999999999998,-0.07659099999999999,-0.02231007173431221,-0.013047520194528359,-0.02159902608144594
2010-07,0.0018559999999999998,0.114751,0.03842552541439903,-0.015793716795035384,-0.001393447066758341
2010-08,0.0018559999999999998,0.022073,0.06034521011511362,-0.0806219302958324,0.08033466970294595
2010-09,0.0018559999999999998,0.006444,-0.008039775686129697,-0.03856085899291336,0.02982296159069217
2010-10,0.0020599999999999998,0.11843799999999999,-0.04731512635243583,0.008635525848548,-0.028949578841991078
2010-11,0.0020599999999999998,-0.041708999999999996,0.051871059703712,-0.03414328466640295,0.06658041100135849
2010-12,0.002263,-0.008365,-0.01411536173395572,0.015147341379954457,-0.015262358546065925
2011-01,0.002263,-0.028297000000000003,-0.004876998307840011,0.05217160224280361,-0.0635725388528201
2011-02,0.0024660000000000003,0.051653,0.05080630557286092,-0.03329615453451537,0.040392236661651024
2011-03,0.0024660000000000003,-0.005138,0.013468666693719926,0.024286449178694318,-0.04876629523027562
2011-04,0.0026690000000000004,-0.01702,-0.010957642113195293,0.016136227259483084,-0.029185957717576518
2011-05,0.0026690000000000004,-0.065057,-0.013988500407436079,-0.004919050878022552,-0.0091144017955464
2011-06,0.0026690000000000004,0.024516,0.011917643621969069,-0.018859492705323326,0.04051201265388445
2011-07,0.0028710000000000003,-0.013098,0.02390632382117734,-0.05696476799997437,0.022119653922147244
2011-08,0.0028710000000000003,-0.047566,0.015600733283011137,-0.020230191081219505,-0.00721047469508896
2011-09,0.0028710000000000003,-0.094049,-0.016809619860188224,0.03303916922607961,-0.03952726011441417
2011-10,0.0028710000000000003,0.039382,1.1497155261198932e-05,0.014527505252092454,-0.016261623846617806
2011-11,0.0028710000000000003,-0.055597,0.012375249191580465,-0.022941384222121844,0.0030059597267425714
2011-12,0.0028710000000000003,-0.081774,-0.08148925355397381,0.0750882076430454,0.022424762752385197
2012-01,0.0028710000000000003,0.027525,-0.02733969399243672,0.022959813518452048,-0.012993967513792833
2012-02,0.0028710000000000003,0.072239,0.050422533315907375,-0.038607319140955026,-0.04332804663336244
2012-03,0.0028710000000000003,-0.070753,0.006976665566021112,0.0043799056994699576,0.0278290775946615
2012-04,0.0028710000000000003,0.056725000000000005,0.015651750981813317,0.01907213262366947,-0.03307410015090188
2012-05,0.0028710000000000003,-0.0006140000000000004,0.0019903020059831526,-0.028599001799725528,-0.007669818845727823
2012-06,0.0026690000000000004,-0.052433,-0.013342047559913112,-0.0021994208329983445,0.03430264705783435
2012-07,0.0024660000000000003,-0.060197,-0.043278283960381074,0.016893902531214436,0.03602736505383389
2012-08,0.0024660000000000003,-0.026482,0.06519587258278745,-0.012507626432233566,-0.0025936729460939636
2012-09,0.0024660000000000003,0.020313,-0.024628877470855355,-0.018853817124361162,-0.016996895100541774
2012-10,0.0024660000000000003,-0.011531,0.026793712866074,0.01463460518775975,0.0038274557318783886
2012-11,0.0024660000000000003,-0.064896,-0.042493282872554425,0.058149754347311906,0.020350684703278235
2012-12,0.0024660000000000003,0.150554,0.0015930903636117433,0.0031757232301435068,-0.019272018628739035
2013-01,0.0024660000000000003,0.050963999999999995,0.031352329656178526,0.006902955721058708,-0.007929666124268805
2013-02,0.0024660000000000003,-0.00037100000000000024,0.03116154346352546,-0.0212069245409719,-0.002779259717279485
2013-03,0.0024660000000000003,-0.054193000000000005,0.02343388643647516,-0.019405317283270607,0.01683212621869984
2013-04,0.0024660000000000003,-0.027199,-0.015324237267088321,0.011271504074571899,0.023470956267404145
2013-05,0.0024660000000000003,0.076145,0.06064956645324908,-0.05402768364136923,0.007017786530045048
2013-06,0.0024660000000000003,-0.137602,-0.03271356187940902,0.0060664297377164,0.03383249536857863
2013-07,0.0024660000000000003,0.02434,0.040620625365915874,-0.02078460757797192,0.0246987134434817
2013-08,0.0024660000000000003,0.05289,0.04774323800756353,0.0072260997216685025,-0.050863237762606296
2013-09,0.0024660000000000003,0.039678,-0.005586956485337795,0.004085001602894135,0.038542930185816615
2013-10,0.0024660000000000003,-0.021353,0.015118770155078806,0.033592874395700655,-0.022154291686107275
2013-11,0.0024660000000000003,0.039777,0.04130266321062661,-0.009593844747339882,-0.0018325316708067002
2013-12,0.0024660000000000003,-0.043426000000000006,0.0049429150273579,0.003290292330751586,0.007229675851188
2014-01,0.0024660000000000003,-0.029237,0.051295278819287624,-0.019574164913996935,0.07342118711279279
2014-02,0.0024660000000000003,0.01159,0.05018416066587327,0.012866139075335452,-0.0023926168487361545
2014-03,0.0024660000000000003,-0.023504,0.010811756905584953,0.02792955577010729,-0.06970646232100768
2014-04,0.0024660000000000003,-0.008112000000000001,-0.0058669969336743785,0.0007097835302086689,-0.003707436652987721
2014-05,0.0024660000000000003,0.010275,0.016200653862650245,-0.002454234977110949,0.008839770259966316
2014-06,0.0024660000000000003,0.021307,0.029303115547927607,0.0013841137215000396,0.014968620011356792
2014-07,0.0024660000000000003,0.08505800000000001,0.021100470925170187,0.030517856918851616,-0.05360009094520752
2014-08,0.0024660000000000003,0.017193,0.041224837767519916,-0.030663746991344835,0.03458527946551193
2014-09,0.0024660000000000003,0.077354,0.0952924268558181,-0.02239636326366176,0.018366728957341677
2014-10,0.0024660000000000003,0.019584,0.001333555804794287,0.03252614905778835,-0.006290669016424642
2014-11,0.002263,0.089142,-0.018913864538178622,0.06437839365914416,-0.051251596222113144
2014-12,0.002263,0.14548000000000003,-0.17452717042580573,0.16852401120125765,-0.10380479981338303
2015-01,0.002263,0.012018000000000001,0.03652478958394275,-0.06845724304416301,0.006086524580025773
2015-02,0.002263,0.042032,0.016029934582886936,-0.034654190956926435,0.004659526595617684
2015-03,0.0020599999999999998,0.153894,0.0770190877359323,-0.0377836207739827,-0.010007967843902843
2015-04,0.0020599999999999998,0.174478,0.028697505588210465,0.03167811750310151,0.03840957253087546
2015-05,0.0018559999999999998,0.091907,0.18910703992690414,-0.17080345611018458,0.006067567356567827
2015-06,0.001652,-0.08103,-0.003371343885641309,0.08170395173818507,-0.06405742515525156
2015-07,0.001652,-0.152303,-0.06348451045157974,0.0013853451411149076,-0.03315328262533429
2015-08,0.001447,-0.14319300000000001,0.01753355625259745,0.025276672072278628,-0.033247180913153346
2015-09,0.001447,-0.059736,0.010574678488494936,-0.0054253899049103715,-0.03832880571344132
2015-10,0.001241,0.139181,0.09277759160999294,-0.08245562822978514,0.014553744313952233
2015-11,0.001241,0.038816,0.08765729616357562,-0.022469823901308764,-0.01621121752200779
2015-12,0.001241,0.03857,0.06779053884486688,-0.0304065470390536,-0.016227162369275135
2016-01,0.001241,-0.25241399999999997,-0.05352026976824978,0.05737292296021024,-0.050754354795928325
2016-02,0.001241,-0.020984,0.008321830079714439,0.014789125928030711,0.00701248804945709
2016-03,0.001241,0.13784200000000002,0.053672170841401495,-0.04775028741879536,0.025777595992443808
2016-04,0.001241,-0.022591,0.033021800239593405,0.008875365922376062,0.005744707495966587
2016-05,0.001241,-0.008145,-0.02571052185821194,-0.007348640296468416,-0.005119085515474634
2016-06,0.001241,0.023758,0.03767728961328497,-0.029508064087270677,0.011910270704348143
2016-07,0.001241,0.014412000000000001,-0.009860814366172475,0.03892840106646744,-0.007306850423910872
2016-08,0.001241,0.039602,0.025499324140432038,0.013513524553132969,-0.015389466644661287
2016-09,0.001241,-0.02302,0.03161897298869669,0.007220756748688755,-0.0007424559636879952
2016-10,0.001241,0.030219000000000003,0.02427306683000655,0.005058752190997835,0.005557724144146549
2016-11,0.001241,0.040508,-0.0017111602563793238,0.029445039179467,-0.028829958308746875
2016-12,0.001241,-0.051172999999999996,0.027667732992944716,0.020987393082195497,-0.00280381751033202
2017-01,0.001241,0.0038320000000000003,-0.023903192483836502,0.045333458271345176,0.006347918924040649
2017-02,0.001241,0.03378,0.010671414150220618,-0.0026616572492609847,-0.004513855677628131
2017-03,0.001241,-0.007514,-0.018130288055804973,0.005528792510720431,0.01661610965421919
2017-04,0.001241,-0.028048999999999998,-0.04571864797941062,0.034044266855584635,0.017201839636639633
2017-05,0.001241,-0.026417,-0.0659651645509224,0.044959799269935125,0.025401719727817518
2017-06,0.001241,0.040204000000000004,-0.00892050676814201,-0.004354692918035807,0.008080194555873964
2017-07,0.001241,0.023545,-0.0031173797232665577,0.07041184085377226,0.01632817001172909
2017-08,0.001241,0.026538000000000003,-0.0027801689170417303,-0.014060233729276703,-0.010891977555918864
2017-09,0.001241,0.004208,-0.007085980619001545,-0.02371652657687283,-0.028569765545518974
2017-10,0.001241,0.012997000000000002,-0.0575256146124756,-0.018506066023295444,0.029261139268083994
2017-11,0.001241,-0.031748,-0.026157157015989918,0.037087845579400334,0.03484943081601226
2017-12,0.001241,-0.002796,-0.03413131930461338,-0.014592409244745424,0.024603984582844136
2018-01,0.001241,0.033392,-0.0538390258402926,0.06758583480983817,0.04123810614732831
2018-02,0.001241,-0.057867,-0.019349748434593986,-0.02072453446392468,0.004753573924489843
2018-03,0.001241,-0.019229,0.039689537762366965,-0.06559453727636474,-0.06905616209484153
2018-04,0.001241,-0.035351,-0.014640682146213523,0.006366149909629651,0.01929648743500717
2018-05,0.001241,0.0033699999999999997,-0.030202389174045188,-0.021459897506967994,0.01930049369732509
2018-06,0.001241,-0.083793,-0.04540130750488068,0.019933343918775395,0.022582941779828752
2018-07,0.001241,0.007365000000000001,0.0060243047365797645,0.04741854444117211,-0.027787386803615796
2018-08,0.001241,-0.062664,-0.010195821548852624,0.04909721326521812,0.0020912848137546597
2018-09,0.001241,0.022868,-0.030028364776544962,0.03216461873806324,0.0008900827062284138
2018-10,0.001241,-0.08841900000000001,0.013884426531259972,0.046036940057569434,-0.0071431922885627636
2018-11,0.001241,0.004081,0.05551781891091712,-0.030672003660611485,-0.06273177602381128
2018-12,0.001241,-0.042921,-0.0018947052267270226,-0.007995676651074757,0.01211886319590149
2019-01,0.001241,0.029475,-0.060499153854230894,0.026308030722941494,0.032442751704722855
2019-02,0.001241,0.157747,0.06403966913610992,-0.03886628059688885,-0.12603268814544952
2019-03,0.001241,0.064887,0.044483906790239114,-0.03813598843997107,-0.007572354148741509
2019-04,0.001241,-0.013603,-0.026770948297786687,0.00971992822566595,0.027460885085997696
2019-05,0.001241,-0.061147,0.01579426847857198,-0.005019030874108557,0.017085525235988094
2019-06,0.001241,0.030578,-0.047146576546479815,-0.010812863329065302,0.017349776706853844
2019-07,0.001241,-0.003974999999999999,-0.02526448810583463,-0.007255320573671668,0.0030538375805944633
2019-08,0.001241,-0.011465,-0.019031454958837193,-0.06389188838259473,0.00542606512062984
2019-09,0.001241,0.005071,0.010480107357409348,-0.007922440079163654,-0.01297774090095588
2019-10,0.001241,0.008923,-0.022884072385590037,-0.001267129748125444,0.02356431836582363
2019-11,0.001241,-0.018734,-0.008333649734680214,0.005927504220876324,-0.014607409247483672
2019-12,0.001241,0.066663,0.010392181772543821,0.0007619737539725085,0.004147251823837031
2020-01,0.001241,-0.015753,0.0172531281707609,-0.030386470512945737,0.03043261198290096
2020-02,0.001241,-0.017789,0.007819151783676058,-0.03693635306163494,0.027823525176027836
2020-03,0.001241,-0.055237,0.023732817742674724,0.011178769273542867,-0.03496840343923582
2020-04,0.001241,0.043398,-0.03688391320696026,-0.03437786086649255,0.06125914145713285
2020-05,0.001241,0.002512,0.02820798385330912,-0.030564635027555798,0.01764263226397087
2020-06,0.001241,0.06725099999999999,-0.01445781860760905,-0.060175130817504356,0.056436588826326184
2020-07,0.001241,0.127731,-0.007953403865274905,-0.009219521766565722,0.021947758359706998
2020-08,0.001241,0.024724,-0.00302951344534284,-0.0056529899295820404,-0.008917278765166518
2020-09,0.001241,-0.060661,-0.026177490708534777,0.019918151436431948,-0.02560985868524089
2020-10,0.001241,0.005688,-0.018108032685339552,-0.001601953544466995,0.00037828387245873035
2020-11,0.001241,0.047921,-0.00427437112089718,0.05524764192442475,-0.04545628181692409
2020-12,0.001241,0.021007,-0.05741730327704095,-0.03921130746337095,0.07684300756291136
2021-01,0.001241,-0.0012059999999999998,-0.08492361095216495,-0.04404739890393504,0.03140423309319616
2021-02,0.001241,0.005021,0.037846715150550415,0.04992902514102947,-0.040348801979644744
2021-03,0.001241,-0.02307,0.06998933919743916,0.04351784333200703,-0.03292568726828701
2021-04,0.001241,0.005226,0.0036934638183465495,-0.02196605174288507,0.025947706007921206
2021-05,0.001241,0.045279,0.030174459999675836,0.006484285092252434,-0.001262569074901361
2021-06,0.001241,-0.0036999999999999997,0.025108456528654392,-0.01592321915547307,0.0017018051655387795
2021-07,0.001241,-0.050004,0.027248994202967624,-0.006744233330673234,0.03829474700460841
2021-08,0.001241,0.049752,0.02744214341676112,0.05970966506412833,0.04794207424351284
2021-09,0.001241,0.0010969999999999999,-0.01469013468529886,0.03786768080099574,-0.04767195833094062
2021-10,0.001241,-0.0075899999999999995,-0.016392571506919966,-0.07069799025665781,0.005867534819281938
2021-11,0.001241,0.009547,0.10199956437892524,-0.042581409669042905,-0.006718928482038783
2021-12,0.001241,0.025627,0.023049504179529178,0.04623348787247352,-0.07169842226129301
2022-01,0.001241,-0.08168800000000001,-0.004341161073512428,0.058621697751311236,-0.05475363374616982
2022-02,0.001241,0.029111,0.026213527235370977,0.012627138068446571,0.05061084044385922
2022-03,0.001241,-0.069053,0.05415552156961788,0.09269550453356774,-0.016276729715095417
2022-04,0.001241,-0.07001600000000001,-0.09563443950699227,0.023749324396464988,-0.0378342773276666
2022-05,0.001241,0.050898,0.08111034623527952,-0.05211140602450977,0.04137096371254309
2022-06,0.001241,0.077082,-0.025452701863965026,-0.06693557615737655,-0.04004752954813112
2022-07,0.001241,-0.031243999999999997,0.07339484982538615,0.00016181872898256983,0.032211074469040424
2022-08,0.001241,-0.019087,-0.005729504556895713,0.03217085200603236,-0.018933055272337317
2022-09,0.0013650000000000001,-0.06211,-0.02147817193935256,0.02805499470830588,0.01445124763189709
2022-10,0.0013650000000000001,-0.047841,0.07544943761066898,-0.02015092532609066,-0.026074853218749115
2022-11,0.0013650000000000001,0.095275,0.002886823145133971,0.04939897580000706,-0.01320103348094609
2022-12,0.0013650000000000001,-0.019569000000000003,-0.014845875026602878,-0.02015307386432018,-0.0227468184899967
2023-01,0.0013650000000000001,0.059919,-0.0011980975589789208,-0.02936178664247885,-0.02982669803966259
2023-02,0.0013650000000000001,0.006242,0.02111209094431614,0.01786269768968147,-0.0029257115702623973
2023-03,0.0013650000000000001,-0.010291,-0.027662678469752667,0.009242886118728793,-0.001229747298266283
2023-04,0.0013650000000000001,-6.900000000000005e-05,-0.03585654083915632,0.09041796129886878,0.019793402860113777
2023-05,0.0013650000000000001,-0.03648,0.04032745449562111,0.006827680860620501,0.022898501417523216
2023-06,0.0013650000000000001,0.015464,0.015081638712740795,-0.021713080567200185,0.013195492277575428
2023-07,0.0013650000000000001,0.040902,-0.001004481994660418,0.03448106613917807,-0.08364197520666365
2023-08,0.0013650000000000001,-0.057512,0.00819080570176646,0.004901975602601534,0.02680142685835346
2023-09,0.001283,-0.0057220000000000005,0.011315607867621062,0.019296669719876765,0.004597487320788124
2023-10,0.001283,-0.029376,0.029982739795659675,-0.014020722977867533,-0.01227249792925187
2023-11,0.001283,-0.00039100000000000007,0.05519608686801392,-0.0064955067822815675,0.01605672356462272
2023-12,0.001283,-0.020798,0.0015570258537742493,0.005255615593576759,0.007980879884580672
2024-01,0.001283,-0.07233200000000001,-0.10462906947513052,0.11478940153632881,0.04920406279517962
2024-02,0.0012,0.079576,-0.08681321887254183,-0.04460588654764107,-0.00794949595807174
2024-03,0.0012,0.014119,0.052708948921820584,0.005637608748203824,0.03128657713518633
2024-04,0.0012,0.016874,-0.05941460257205597,0.03483395181005507,0.013713166332324792
2024-05,0.0012,-0.006455,-0.01971399368109049,0.02918000209834834,0.00349732702765633
2024-06,0.0012,-0.038002,-0.06544810460922587,0.0360521756529383,0.06752871258830392
2024-07,0.001118,-0.0012670000000000001,0.02390435149043429,0.020750681428109922,-0.029385868619663948
2024-08,0.001118,-0.031026,0.0008107657656792056,0.004468708183597736,-0.005760764134331693
2024-09,0.001118,0.178455,0.02195043245258721,-0.03281355609571793,-0.09431910418389747
2024-10,0.001118,-0.013211,0.11520125649987384,-0.02436908422543366,-0.021423279158310445
2024-11,0.001118,0.007836,0.05307301578849015,0.0020486059664804462,-0.052270587275728524
2024-12,0.001118,0.002716,-0.05469841770262095,0.03191271070152109,0.04152519791605884
2025-01,0.001118,-0.028507,0.0027648615130740836,-0.011558225368339482,-0.004238847231513885
2025-02,0.001118,0.019969,0.05430794897603246,-0.04111056178572895,-0.02413403431432512
2025-03,0.000912,0.0058519999999999996,-0.01700718714213531,0.004506451863628439,-0.01361864088002275
2025-04,0.000912,-0.023955,0.014775252229529637,0.01655622081806507,-0.0017778013812882014
2025-05,0.000788,0.025958,0.045586190206245034,0.014030616576643656,-0.006373284116484988
2025-06,0.000788,0.032536,0.01881473613096755,-0.007852914600871744,0.016930356771007446
2025-07,0.000788,0.040511000000000005,-0.006070842874074708,0.002619390587305405,-0.013684689578513813
2025-08,0.000788,0.073006,-0.02858258350376723,-0.06161020515099092,0.04843946527380849
2025-09,0.000788,0.004262,-0.0037828991640881833,-0.023810377933845484,0.011427815420285542
2025-10,0.000788,0.020145,0.01710411463606235,0.04461096455392321,-0.02070599661487525
2025-11,0.000788,-0.014095,0.03368968050618065,0.009971861699773894,-0.031161780880290785
2025-12,0.000788,0.023508,-0.02069272598680463,-0.006326414166393189,0.04792794408720952
