portfolio,size_quintile,bm_quintile,alpha_ff3_pct,t_alpha_ff3,alpha_ff4_pct,t_alpha_ff4,beta_umd,t_beta_umd,r2_ff3,r2_ff4,beta_mkt_ff4,beta_smb_ff4,beta_hml_ff4,n_ff3,n_ff4
S1B1,1,1,0.2508881372378473,1.3673920188643918,0.24062007130121857,1.3354610110259606,0.011045265151668773,0.32590795872279676,0.9469437218199211,0.94697621687867,1.076225045451022,1.127881269735745,-0.3403289714307098,378,378
S1B2,1,2,0.4620131982218466,2.8489580897318842,0.5367909201121217,3.362249779293595,-0.07309670467201519,-1.789281973452587,0.9278051235709671,0.9298468089493939,0.9310715129647917,0.9839283262043241,-0.33821109982216613,390,390
S1B3,1,3,0.4307615584120822,2.3481439275826723,0.43829151308838993,2.5566351782491186,-0.006708720471065133,-0.1313165966174573,0.9197307904620111,0.9197504068059492,0.8554131497664116,1.1199981909994654,0.08906747477019335,402,402
S1B4,1,4,0.9199438363510105,3.1258573001738372,0.7201952305429326,2.8654440014388527,0.17796356265831378,2.379903171328475,0.8810578584228109,0.8937675615983492,0.8861515996095278,1.2198945010759537,0.21227716853505127,402,402
S1B5,1,5,0.4660636986423966,2.000722398929077,0.4392965309963158,2.0824945601116935,0.023847878673785766,0.573320415237692,0.915976509432666,0.916215535635341,0.9135621546081241,1.1240964193813139,0.4398356154215366,402,402
S2B1,2,1,-0.1906033894749329,-1.5646756834997517,-0.1467547453391827,-1.1609681385762953,-0.042862918388478645,-1.7346995895715447,0.9367257957904875,0.9374535290530096,0.9438330276032443,0.8190317594455531,-0.47540114051782134,390,390
S2B2,2,2,0.415994759603403,1.9285327587005494,0.38942565361930465,1.9519924900830543,0.023671418072972766,0.5380253618312619,0.9049747552515928,0.905214519229544,0.927170399971747,0.788709502939059,-0.28216977015964706,402,402
S2B3,2,3,0.02767695085283111,0.15693171394608074,0.07576695577597947,0.4821793324655876,-0.047008932589591275,-1.071337588495594,0.922455191699169,0.9235816094362581,0.8367712009311935,0.8540918797284748,-0.015275247777886204,390,390
S2B4,2,4,0.019234918547861475,0.1522953074258237,0.02872851599229195,0.22738310414848334,-0.009280179592644128,-0.3036657621742217,0.9514816478331701,0.9515155479659719,0.9876089958008455,0.9700857055607205,0.15984062659482892,390,390
S2B5,2,5,0.14540645909247601,0.8423018456083355,0.04222889788730656,0.2459092017190082,0.09192477866959742,1.4389323914038044,0.8676938693987688,0.871516550251995,0.9839929421628214,0.7335432032546296,0.5494087715109778,402,402
S3B1,3,1,-0.21285632844503607,-1.5386234611681004,-0.24013287197851688,-1.5475093943771725,0.024301700853355868,0.6006714472526953,0.9374805981767723,0.9377185858160418,0.9547231763306602,0.716460265437517,-0.5537859925471971,402,402
S3B2,3,2,-0.17930885592162663,-1.1017065463170552,-0.16514551370980146,-1.0790035181206852,-0.013844947621506912,-0.5581897043033563,0.939808999737391,0.9398949240363512,0.9302280503266072,0.6733163193502478,-0.3661357136097567,390,390
S3B3,3,3,0.037465738466083275,0.21021370630704567,0.05189211031746666,0.315791084995781,-0.01410206430541723,-0.23741682877690504,0.9136626406350299,0.913747429921418,0.9789884221596151,0.6389370653303346,-0.17080144426454077,390,390
S3B4,3,4,0.03094856987759145,0.161475965470737,-0.030060204199668247,-0.15641292321175193,0.054355016618425026,0.8024358035826432,0.8351902424277566,0.8368531868872445,0.8900308428049489,0.5302176371849331,0.32503081044384674,402,402
S3B5,3,5,-0.16856307014157434,-1.3434706507779823,-0.16444192550797765,-1.3658294018080643,-0.0040285005290040185,-0.11318378183737166,0.938022191540155,0.9380287771513275,1.044490611303886,0.7055145485182225,0.48466157323666414,390,390
S4B1,4,1,0.01635494999301197,0.08428289267771677,-0.19362620028775895,-1.1014672169183777,0.18708012225608017,2.2912793075508904,0.7952665458913475,0.8107097821249145,0.974786916771509,0.28748658263464616,-0.3850210319484074,402,402
S4B2,4,2,-0.09618011821949332,-0.5444982341280369,-0.03330237907381897,-0.181808238656944,-0.061464235772246884,-1.0015347333450946,0.8615707216325512,0.8637300151858032,0.8318034575820652,0.4198429935598411,-0.27375564888996495,390,390
S4B3,4,3,0.010384123080437162,0.04202483772513424,0.20978386876754274,0.703002962028351,-0.17765275002587272,-1.5705023689483435,0.7971305297603078,0.810196537378072,0.9026918834810089,0.5162623617637511,-0.42886403152063224,402,402
S4B4,4,4,-0.17618820158549814,-1.0773000424280796,-0.18955820842830942,-1.244290815638445,0.014381994775830333,0.30283220045290266,0.8887620438911541,0.8888648553249202,0.8969397265057593,0.4966581709142247,0.19125501998788658,378,378
S4B5,4,5,-0.1614236108533352,-1.154742017779948,-0.09480986718632879,-0.613791280363852,-0.06511625421097164,-1.485183234118714,0.8958156123066129,0.8980142051596549,0.9540502408369959,0.3885105870829097,0.408691792293955,390,390
S5B1,5,1,0.17364213132124423,1.0112049094306355,0.07828899367780776,0.4780397438313127,0.09320958121858408,3.6771175314129874,0.9416204316972872,0.9449887544713825,1.0743006284007648,-0.07298998209372774,-0.7665811593633307,390,390
S5B2,5,2,0.24711200328463978,1.3456073268963973,0.17970357432441794,0.9190340970425313,0.06527900943409201,1.2662818520477401,0.8476508682380148,0.8507162881870156,0.8763606813977907,-0.3266647285920437,-0.07616050609143935,390,390
S5B3,5,3,0.20865392711545924,0.9325940377548443,0.17716776699630615,0.8040981552507265,0.028052206955669307,0.5331774915330365,0.8520071645456027,0.8525314309766343,0.951935973971434,-0.32737644504084773,0.030077153153558307,402,402
S5B4,5,4,0.1859382495621101,0.824147655135067,0.2134159687396262,0.9644737131343084,-0.026860014894899864,-0.6859803358661695,0.8893046874999933,0.8896920666945936,1.0072251269530095,-0.21802027685924524,0.10773706488972704,390,390
S5B5,5,5,0.053693928961181886,0.3966222545058289,0.06740980189271015,0.5275800423690692,-0.013407537534587607,-0.3850138126468043,0.9255342110221313,0.9256377783517709,0.9896284778885116,-0.2235880081457471,0.6398560125808334,390,390
