Trdmnt,n_stocks,lambda_0,lambda_ln_size,lambda_ln_be_me,lambda_beta_smb,lambda_beta_hml
1994-07,30,-1.7015010171494336,0.08327729228201368,0.06138780739032278,-0.04635882345750772,0.011874349245713567
1994-08,30,2.5400923413624428,-0.21373106801022304,0.24426550880495634,0.43020342901486003,0.008725909086762407
1994-09,30,1.356955057674491,-0.12357049810967302,0.07684839994351997,-0.07421636660168386,-0.023019752444652805
1994-10,30,0.09736355963646481,-0.03060918161927497,0.019663119976087544,0.0031174974447909544,0.010189635520770027
1994-11,30,-0.09373382422071891,0.019615860775204635,-0.02766134170871963,0.05671483324037014,0.10263672542268194
1994-12,30,-0.18859483783120753,0.005647471687183466,0.008362703268690774,0.00046739355411867453,0.011059948758070842
1995-01,30,-0.4423283674784442,0.02289507933195941,0.0036886217539924826,-0.02014500450834047,0.017726465168241307
1995-02,30,-0.21092437083252522,0.0007444726325770089,0.03229279221965221,-0.015248703714029956,-3.5877606201280277e-05
1995-03,30,0.5491313888462073,-0.020169437481967097,-0.0367169176118011,0.0441595046195765,-0.01099148134133944
1995-04,30,-0.2732250532693708,0.015246370596903737,-0.011176347969984403,0.008182707454532624,-0.020269053840656266
1995-05,30,0.326031351398408,-0.011135636022016296,-0.012620011113004384,0.10290600291959762,0.019175986454316257
1995-06,30,-0.1667630401396035,7.611777999258929e-05,0.011816269411901021,-0.017157796493652948,-0.020068360877696388
1995-07,98,-0.3268459566685069,0.008898693379998648,0.04206767553524126,0.02888512194203661,0.015761548772332372
1995-08,98,-0.7680894943596233,0.02497552648322378,0.07166315877568477,-0.0031919510713390364,-0.00528754743585432
1995-09,98,-0.357158508659123,0.003865055717262349,0.04721120096074606,-0.004439065807696073,-0.010031802624420985
1995-10,98,-0.14110005077861065,-0.0024151675938026587,0.026409656533931444,0.0009379118414275175,-0.004760434674970074
1995-11,98,0.3675421731812854,-0.012793746512379517,-0.03951224232683482,-0.007363878354977569,-0.0039823475195973
1995-12,98,-0.19567835064139516,-0.005663519416220951,0.026493631225909642,0.0008658545653053365,6.082738489669726e-06
1996-01,98,-0.3282365643409921,0.004678865045868599,0.03277682837108692,-0.013051388217271403,-0.015611810691851786
1996-02,98,0.11261719177355503,0.0025006452218516075,-0.01953385642632787,0.006235150349541935,0.015935907206448975
1996-03,98,0.09352347324683612,0.0010079875050684874,-0.0200206394933492,-0.0017053036400384528,-0.003745684458583705
1996-04,98,0.19542990438476682,-0.011295101712936656,0.04717067033201297,-0.07097638015843433,-0.05189074884982401
1996-05,98,-1.0366340660638296,0.048970887926070274,0.049707140800758685,-0.019479948411448768,-0.014576826882734872
1996-06,98,-1.7297654587948421,0.11534237387107411,0.04861210566646155,-0.035579530335583934,-0.03091595673342342
1996-07,270,0.2419799785212693,-0.07536645362736,0.16274307804171234,-0.08761246058719402,0.08573390482734215
1996-08,270,-0.7397375644159521,0.029285786239106326,0.049591948379336816,5.582775563039641e-06,-0.006448133875856146
1996-09,269,-0.21070138336865377,0.007121765126423013,0.025088380337918558,0.0006165694249749291,-0.011748870713046027
1996-10,270,0.7012901236726117,-0.1229457734109066,0.20806291690246387,-0.04010984059112928,0.06703536934062707
1996-11,270,0.2838222576808576,-0.03213709033112402,0.039875551198766415,-0.011078990592100737,0.024727749362711698
1996-12,270,-0.5130081141645313,0.05031047201917288,-0.06363696268419275,0.007747025346880597,-0.03893363609687443
1997-01,270,0.5255566532742432,-0.03768441410490217,0.01574650885995945,-0.029911078967934688,0.029186784553514027
1997-02,270,0.22925599889944812,-0.011936725851829593,0.0031211426129356627,0.034994683816780614,-0.00961689286247649
1997-03,269,0.6459051230429841,-0.008469917215636065,-0.05285728726348242,-0.012597946225405197,-0.02449152596752755
1997-04,269,0.5929872036473047,0.009967836283611526,-0.10152186318752722,-0.03909838121399439,0.029048070012727543
1997-05,269,-0.09362446876327801,0.005550534269561707,-0.013746387985057923,-0.034756905136110815,0.05034600792324333
1997-06,269,0.1558233716978528,-0.003987453584457361,-0.01764608232673165,-0.029225657454926897,0.014881169247172575
1997-07,296,0.32414815513679074,-0.03796665165693783,0.03038489820127889,-0.02266476480456644,-0.01812665024956671
1997-08,296,0.02867632762835169,-0.03044932190863873,0.07666449878251061,-0.0008026139198238956,-0.009304235423719259
1997-09,296,0.37250932761233113,-0.02214079768674054,-0.03023439833948888,-0.008978620242032876,-0.014014499687434886
1997-10,296,-0.1693987635765497,0.0405319048509258,-0.05577006983290124,0.03620332703567285,0.04402406289423809
1997-11,296,0.25623514572496153,-0.02003008662789186,-0.0020212432578081965,-0.013774093649186896,-0.03320701020957196
1997-12,296,0.7573815521622236,-0.03324169147945452,-0.04174241489523373,-0.008407210795368315,-0.01139254617390504
1998-01,296,0.37903211742054593,-0.02117097542199208,-0.0076142059979134044,-0.005946068008459074,-0.0023718226296044215
1998-02,296,0.09142681540613865,-0.014361230888394944,0.021313335587540446,0.013630578884629905,-0.011435716457538433
1998-03,296,0.4789865619819305,-0.03092236546517297,0.0013532954447265826,0.009756915051894851,-0.01588649312817997
1998-04,296,0.2622227106996206,-0.025423176802670658,0.03459100849009554,0.008213319522319167,-0.03805169575708386
1998-05,296,0.4278409204378938,-0.028138893228050695,0.013528348832718012,0.03396915136973961,-0.009853477684580683
1998-06,289,0.25091658371563974,-0.013124501247970034,-0.022542958948876087,-0.019594592008281023,-0.03848045738951328
1998-07,359,0.7226118252076579,-0.04295363398765838,-0.016040208722328596,-0.004873736000789655,0.01915804083765756
1998-08,359,-0.08644105019317247,-0.014246049188515833,0.030126354151929643,0.015541886762178865,-0.03281748603021382
1998-09,358,0.7600606413390166,-0.05222272336443214,0.01781106749389661,0.0022967092746708426,-0.016253637648495037
1998-10,358,0.8038235178259714,-0.03925260372467137,-0.04346199350185296,-0.005082631393058814,0.009372554771835167
1998-11,358,-0.09942441398923457,0.012175516668169843,-0.011962562453610097,-0.008587746617104578,-0.008992049704554615
1998-12,358,-0.5849253241217293,0.022065535427934775,0.02862577483063587,-0.011987425380952661,-0.0077043705362270076
1999-01,358,0.2753159919560981,-0.018032032988091744,-0.0027691233645156634,-0.002629051829083445,-0.002863336972260395
1999-02,358,-0.05302127951944563,-0.004338586845310917,0.011760255208204035,-0.0021046997994032426,-0.01304103868325759
1999-03,358,0.64726338089519,-0.04277052367412277,0.01398507953366411,0.025858571527654455,0.03079741217258771
1999-04,358,-0.13708283093235407,0.0012039447874859638,0.014961140717007571,-0.007785166936022692,0.02109962889834638
1999-05,358,-0.42366481440206055,0.04733040932906108,-0.03055208962052788,0.004153697928741875,-0.04404369976019529
1999-06,358,0.4135712906046225,0.0019980596927225334,-0.020685913980394762,0.007336664511578755,0.043008108584331683
1999-07,650,0.20298111153810441,-0.010802496260386525,-0.017046731809280014,0.009407323080172225,0.007028172460615828
1999-08,650,0.5004490987768988,-0.04431587907690471,0.032891528083895824,0.010500896593151685,0.007672201121748894
1999-09,649,0.1902554795771711,-0.006201911115657386,-0.022540684922832347,-0.005713810358373754,-0.0006309778477261493
1999-10,649,0.10702211653195552,-0.010773287672258448,0.0013130818051789329,0.006099521518553031,-0.004105144328236211
1999-11,650,0.297370266918348,-0.02284402044821168,0.002306735475534816,-0.003338936777867418,-0.0006133334286578911
1999-12,650,-0.14122765300729856,0.01766519844888495,-0.032927902141579334,0.0023463309237853796,-0.004909220503497514
2000-01,650,0.5027574294969571,-0.004161866844960239,-0.05368154219179607,-0.014361880986096084,-0.009302592983893306
2000-02,650,0.450155914214936,-0.016342611044122622,-0.012005065805265808,0.009201485787160905,0.0118565187288256
2000-03,650,0.8535288547418549,-0.058133124952125234,0.01794049870685268,0.014332674453508942,0.01783262449444745
2000-04,650,-0.2925725377290006,0.012925438855730638,0.021438278195007814,-0.0034574507179425296,-0.0067964418719707745
2000-05,648,0.16446452522406435,-0.018986718620598187,0.02683780977839877,0.0054614705215102555,0.01015751500522831
2000-06,650,-0.2761369247905069,0.014720290954647604,0.01448587342411086,0.0010525193761408754,0.009956326273645531
2000-07,772,0.33336010424458234,-0.022401685657353676,0.009473535733487188,0.008357861372506315,0.028604864946449156
2000-08,772,0.4630069563127168,-0.02755262062009074,-0.008366513385800963,0.009137939848611977,0.009917020786026503
2000-09,772,0.399207378630406,-0.022463766174678025,-0.019782124675032667,0.007080890752101108,0.00582935859719344
2000-10,772,0.4933585650020679,-0.035052654664828646,0.012286251900745209,-0.008559155148427372,0.008057794741733737
2000-11,772,0.06761337190538834,-0.004332795951286888,0.010417603136539859,0.002783207449901227,-0.001677426326855108
2000-12,772,0.1997435816252521,-0.016301895375329094,0.008199833388003036,-0.000533702399465427,-0.0021104625606187754
2001-01,772,-0.10105679050911803,-0.0024231299586282085,0.023543281986203427,-0.009320475467718437,0.004876445743660786
2001-02,772,-0.3098707638759899,0.008075986390524044,0.022468700688750558,-0.007090126530078125,-0.0038335527010250254
2001-03,772,0.3700754757921721,-0.019902111597840676,0.0018281951391644698,0.0025680398777053054,0.0019653615411510355
2001-04,772,0.40249041768567106,-0.020109996197273192,-0.01890185137501266,0.010041118885391656,0.007079937025205374
2001-05,768,0.6917043028025808,-0.04357459938815643,0.0016982924880163328,0.007285829485831627,0.004747080775811118
2001-06,771,0.05917537896734326,-0.005553800982911542,0.004937873027885881,-0.001980372875413635,0.0017338422385412633
2001-07,855,-0.26803538762164614,0.010147624262313706,-0.004210387820427683,0.005723813389804369,0.005573076901639667
2001-08,855,0.16924531014504884,-0.011076836310474927,-0.006337907629241549,0.004095747018702361,0.0006155426135990021
2001-09,856,-0.31309954274574336,0.011814402370930246,0.014927629578155528,-0.012891719656489711,-0.012021594522250061
2001-10,857,-0.3863324140091775,0.01950489121720926,0.006984475298227056,0.0008061864022097662,0.011715362064895988
2001-11,856,0.43198120952301106,-0.02630034005840171,0.003505240121522039,-0.0012843122851413566,-0.0020505834766869867
2001-12,857,-0.3010089481083984,0.01073385465083179,0.012362597430810808,-0.004378366152734696,0.0017658883107111337
2002-01,857,-0.738002198414233,0.03425357190021779,0.016962708969707203,0.0030351732654413013,-0.005647675058941992
2002-02,857,0.2892076459569098,-0.00659113534314907,-0.029001887193061737,-0.002105844937778632,0.006111140748832166
2002-03,855,0.37473512144445276,-0.020120157652034447,0.0018604044252608233,0.004522176275956271,0.0013692680357369198
2002-04,854,0.33496881071286516,-0.023070091747015287,0.013160334808013886,0.007480969757085415,0.007371733068858383
2002-05,841,-0.12275048611200684,0.0036353628283773876,-0.0037090114540789167,0.004584139498861254,-0.002201361335099036
2002-06,841,-0.4136236751139838,0.027718854499670327,0.022673829849892455,-0.014146982937719248,0.002368731871464993
2002-07,941,-0.0143475736891264,-0.0002141115386826046,-0.0044912852522445345,0.009241991118550421,-0.0006694970060637769
2002-08,941,0.21560760943808968,-0.010522632828554992,-0.009171572458353152,-0.006795002248431282,0.003712800482784185
2002-09,940,-0.16038264978805195,0.006333565967985758,0.000866064583688098,0.000581781207219866,0.0005110040066701571
2002-10,937,-0.15874406810541467,0.009449197635449812,-0.0065088100282026445,-0.0010389934014347155,0.0012456730388664071
2002-11,937,-0.4889113534893144,0.025573997979989216,0.005309181958915361,-0.0019347543027138996,0.0016258391994939773
2002-12,938,0.11947093962268873,-0.004081554245602458,-0.019887672304306155,-0.0023679106724574877,0.0013903111323293775
2003-01,938,0.18345555398093968,-0.008914045143227715,0.0090221283498426,0.007460386404844161,-0.009168114482607306
2003-02,937,0.10989189365828943,-0.006297307001857785,-0.0006973585535217635,-5.1301963466279105e-05,0.004903721788018266
2003-03,936,-0.25625404722572254,0.014847029708896686,0.0017735665961575529,-0.001977001838310061,0.008666249514458367
2003-04,934,-0.5715963742526866,0.030764297233011377,0.014021775380364513,-0.014891620748698728,0.01951839459810244
2003-05,922,-0.18164249964161558,0.013484165185782208,0.004543136916281485,-0.0043345387758370185,-0.00909631509651704
2003-06,924,-0.03481964665248759,-0.0006368579682299086,-0.0048479371683819595,0.0009659901978437333,0.0038346183527902564
2003-07,1067,-0.42312075278462596,0.02445725043214634,0.00606478898305368,-0.0028289046383760167,-0.004280776348339034
2003-08,1066,0.0782299327873412,-0.006805456731474776,-0.0013946014771957296,0.007700318009095637,-0.006246871212347276
2003-09,1063,-0.13048946986400467,0.004753419806084147,0.0022425514002145895,0.0014378001175295932,0.007340689106160609
2003-10,1063,-0.5700506315391594,0.02878252743699425,0.015266758185365728,-0.014206701123246967,0.016435339627758346
2003-11,1063,-0.2156687910977102,0.008351745424423634,0.019953124686739723,-0.0028592730072637363,0.005514043227885358
2003-12,1066,-0.6620265396530025,0.038092426663739104,0.016822498176532075,-0.011808548540010507,0.010822561606277498
2004-01,1066,0.3158045505400483,-0.01929267119348121,0.009373420045855296,-0.0028117175238312267,-0.01360967182684112
2004-02,1064,0.4359884346105515,-0.019652820852005155,-0.009594100436513544,0.004661515378119908,-0.005140143659833472
2004-03,1064,0.14113237202750833,-0.013126864211080417,0.015956404958505616,0.00508429879336238,-0.007412705615907986
2004-04,1060,-0.1176604834887886,-0.006863720542368282,0.0204341117999642,-0.0029460714277979114,-0.0015093165885056593
2004-05,1044,0.13959278477306392,-0.012676155430219481,0.005097447922420364,-0.001264370514966709,-0.0030127058470174155
2004-06,1045,-0.35795507457239784,0.013125799649845019,0.0063331917506742955,-0.0014660664438068648,-4.9048701089999744e-05
2004-07,1102,-0.32853778817022355,0.02105558505770208,0.0021059284000563856,-0.008334411029628057,0.0128114879067453
2004-08,1101,-0.20211423585021826,0.004216426733779607,0.014971338717681016,0.003121815431708655,0.0016497372893181338
2004-09,1100,-0.046019457702340505,0.006544695359731858,0.00031015301606634885,-0.005763486747488245,0.005638326782956016
2004-10,1100,-0.4475055075700617,0.02611731120622733,-0.0006082542959637508,0.003734888415549715,0.0036984877799153063
2004-11,1101,0.4026115992566525,-0.022906354560909458,-0.005336353339908444,0.008215041774030946,-0.01047435137934602
2004-12,1103,-0.12705420817185803,0.005352729893714381,-0.0052959114115863825,-0.003179103368477456,0.007143838734880191
2005-01,1102,-0.09007927182428617,0.0034683484615018155,-0.005306458174405119,0.004700007257420124,-0.00936580860867383
2005-02,1101,0.15851807011368974,-0.004434414820636348,0.001591946175855321,-0.0029454099530667743,0.0007215215082481685
2005-03,1101,-0.18480098074328666,0.009832385064137895,-0.013019098095764374,-0.007035941515779701,0.01701107523132204
2005-04,1101,-0.41152051451090177,0.02057169874749821,0.009491414965955207,-0.029034253380960252,0.024253118534484717
2005-05,1086,0.1612105001740589,-0.016565910229972884,0.005650523942859045,0.007527592382833617,-0.0166029311420533
2005-06,1088,-0.17769154666000941,0.008151856853932715,0.00890071519762576,-0.0032927029850484788,-0.0012054778987029046
2005-07,1164,-0.3563383539457624,0.022575324454770344,-0.002018983192798821,-0.024427176235252986,-0.0036883800148163545
2005-08,1164,0.5469900885383021,-0.02591166313457622,-0.00916416317285666,0.04268052484357802,-0.004410653208824166
2005-09,1163,0.48715542977900067,-0.02445701733173242,-0.017796313657856996,-0.020323742147843216,-0.0039677958461922045
2005-10,1161,-0.10280337941435608,0.004484547664201558,-0.003543135110636954,-0.0035118263067822723,-0.00397951934564958
2005-11,1160,-0.029240903031832355,-0.0035423295661549106,0.012339065860369983,0.01677369137566828,0.0031480069864437514
2005-12,1153,-0.27471843077816516,0.016877196120572382,0.012002120702131731,-0.01506420293054735,-0.002188560359495816
2006-01,1136,-0.21045763009553112,0.012856275955085292,0.020708905727892985,-0.008733277618597372,-0.0021064779252663833
2006-02,1140,0.07337277588337404,-0.0029901353257449567,0.00021113378523338402,0.0016567655924659159,0.015010039316967993
2006-03,1133,0.06829998149052405,-0.008896801142767963,0.013819109642573341,-0.030791600705632256,-0.0052606583894891906
2006-04,1118,-0.32311839405169895,0.012343877588820213,0.041192482948771,-0.02920306572534451,-0.0133658165859925
2006-05,1097,0.8318707129032964,-0.04224996621401413,0.004101985267608655,0.012666817815547824,0.007583864270176468
2006-06,1117,0.25025860647933795,-0.020425143914719286,0.016365808308976364,0.00048612285593984273,-0.004919302960792515
2006-07,1166,0.3272775694326141,-0.024935982891922198,-0.0008267299903790706,0.009494894214507207,-0.007972292566153281
2006-08,1152,-0.024275858625332172,0.0036276871074412947,-0.00020041367425094152,0.006407593836398722,-0.00545112642095608
2006-09,1163,0.12307603877793984,0.004466762970326782,-0.023928986497922012,0.024771642089093455,0.0004059954470383414
2006-10,1165,-0.10319059069178527,0.0057589989370202335,0.004565127768087234,-0.014961470988714221,0.01491883563706126
2006-11,1164,-0.5963892209171865,0.04680409934884449,-0.003751151143685718,-0.014780985328531405,-0.001051126243505852
2006-12,1163,-0.4455880112700474,0.037235279440595445,-0.004349704065641185,-0.005640804221040734,0.005839458546861574
2007-01,1152,0.3327395941584934,-0.005540999199940143,-0.001927404391703573,0.016051366324252962,0.0041089599030082
2007-02,1152,0.6457977663853258,-0.042509093823936,0.02462881711472587,0.014786794767289339,0.020174821338300963
2007-03,1164,0.9303886264539957,-0.0442794381014519,-0.019805683199253826,0.036068205317473304,0.006226152281770217
2007-04,1164,0.12452821867513338,-0.011169172274571803,0.05746916556790835,0.03269707046182155,0.015693971459423126
2007-05,1139,0.528869687994877,-0.010122811188961384,-0.04257938810284992,-0.009170947656037862,0.01470610084817859
2007-06,1146,-0.4354662997100412,0.032390457682631615,-0.026350282563333834,-0.0464687234059577,-0.0019273841791614017
2007-07,1205,0.5690491072122548,-0.030392048161514876,0.019106624784610504,0.00796047855766157,0.01793783240412225
2007-08,1202,0.17470458516842705,0.002944411676733996,-0.01641374677732207,-0.00027257923392265057,0.011931878627270145
2007-09,1184,-0.12009687921155429,0.006557184617495817,0.011250306432992234,-0.007026720166961566,0.00829345690376675
2007-10,1178,-0.32438567056452783,0.019686653748441765,-0.009874256122206833,-0.02699614442373654,-0.0038155018351738665
2007-11,1178,0.5681631190301204,-0.043275376384308846,0.0012798680437770306,0.01615898328087956,-0.006148610969786503
2007-12,1174,0.2605702645147484,-0.003661069886666848,-0.0013582859797884178,0.005703355625539613,-0.006975226677055114
2008-01,1182,0.3214052384095293,-0.024898279655125477,0.0022181709765716744,-0.027861379700053226,-0.0021127631738019747
2008-02,1175,0.4359305281918957,-0.02825039649646613,0.011405085333185117,0.01152417505514996,0.008131743369261764
2008-03,1172,0.0782837227363028,-0.018899992030213517,0.004662605323180573,-0.01946818371203424,-0.0032678315002801495
2008-04,1172,-0.32899333738444847,0.020221191546278855,-0.0005623956306264593,-0.03462138615456992,-0.0017649589544134967
2008-05,1179,0.16219715160637696,-0.014121451150775389,0.00048498614742609365,0.021875311167495675,-0.0023141057889701187
2008-06,1193,-0.15923610286852838,-0.0007580031066894291,-0.012106786277479048,-0.015547224365002194,-0.0024146805761060958
2008-07,1197,0.587234365044346,-0.034094498929777,0.003857701662272909,-0.006650054799960954,-0.007855998748859904
2008-08,1193,-0.19902413728645624,-0.008073988851408438,0.02298012263726171,-0.025428377489310372,-0.012337228963788971
2008-09,1194,-0.5712410354331507,0.02661112967248689,0.01801846441010963,0.007162826054804207,0.0020921938437826505
2008-10,1190,-0.05626506867709896,-0.01572437874079422,0.007969074530496542,-0.007729038409874475,-0.007169044346644643
2008-11,1186,0.33167156981627977,-0.011051130675051639,0.0014918937467378966,0.01798094093335427,0.0067505158682302085
2008-12,1193,0.5016031756074956,-0.016564170627275044,-0.03993474888518155,0.0009405174793056937,-0.003108675143081558
2009-01,1191,0.17035733758070215,-0.0003566008723970143,-0.001966787008104834,0.0057001103107153575,0.005368275763504897
2009-02,1194,0.2936402537261243,-0.013451759757936527,0.001234353202365343,-0.006006332478146137,-0.005339552852954212
2009-03,1196,0.5835574630464866,-0.01620362518480343,-0.024440945714327894,0.0024734883321014672,0.006311704765049678
2009-04,1194,0.17684523173504996,-0.01404193326072051,0.01960245747038066,-0.0068615090745090465,-0.002952328243990058
2009-05,1189,0.28025203848076796,-0.013713931746368918,-0.0014771566935340456,0.00013317567824945586,0.007936534681853399
2009-06,1190,0.22060178037943726,-0.0033756292914405503,-0.01683508193987207,-0.013957655695971752,-0.0017453970002004639
2009-07,1347,-0.213580593894976,0.012480713600379778,0.02915498932669504,-0.008944157979071748,-0.0014124620974938495
2009-08,1345,0.34946220029290426,-0.02270612002381865,-0.027290199836531987,0.002924151443500739,-0.001279559818697762
2009-09,1345,-0.0257721785881635,0.004440390343735322,-0.000573230539854686,-0.002805989683378,-0.0045890022745624145
2009-10,1347,0.1769525058931624,-0.007590627055905944,0.008718255571550728,0.0053755121835508575,0.0006427930112527167
2009-11,1345,0.4062743887058515,-0.02178569407834037,0.01219742438520613,-0.0036762412008443713,-0.002801156491608607
2009-12,1345,0.1874530612932722,-0.012941117123505107,0.006193966822237896,-0.004374461496162519,-0.0076618259171023625
2010-01,1340,0.3458361539726032,-0.02152724137705175,-0.009496378947452748,0.009392400493951016,-0.002169830101921285
2010-02,1345,0.25485080403371413,-0.015404179802593487,0.005474665791292235,0.011442098114343588,0.0031226542809049407
2010-03,1340,0.20664272734790545,-0.012866296395205564,0.0025743339137812194,0.0075638951527489205,-0.0006946777120528571
2010-04,1338,0.2145286883230361,-0.008278050088722675,-0.024193056094276473,-0.009991933251627009,-0.004967830114274537
2010-05,1330,0.05730913073118139,-0.003840837523824255,-0.013595920686650567,-0.005245606230522984,-0.006863137701305828
2010-06,1330,-0.07419919164229022,0.00010302884674708761,-0.0015377156034209532,-0.018756596821219183,-0.0064395686856257295
2010-07,1456,0.31878945402901626,-0.014855117212515041,0.012524917530370324,-0.0022263787782566304,0.0019737713523259245
2010-08,1450,0.4936453531034717,-0.019299340607964673,-0.022726005808342907,0.017448517582197932,-0.008049585739668116
2010-09,1454,0.0741242209313522,0.002017233254879377,-0.016282013823141393,0.0002174125483919518,-0.004202949753121307
2010-10,1451,-0.2696054170326815,0.02109965728717014,0.008816494701077883,-0.007496528586709142,0.0026225286067364222
2010-11,1451,0.27189029096636275,-0.016761903101738352,-0.008211046818079425,0.03041451344079603,-0.012742998573210786
2010-12,1450,-0.0294229238851235,0.00019049341875700416,0.002448930085937269,-0.011253681723711672,0.005774771306877659
2011-01,1444,-0.0738083036927372,-0.004516554594704777,0.02215899668487338,-0.027400160974246184,0.015061668022179673
2011-02,1445,0.3340292995526131,-0.01650888238244081,0.0022746466804685348,0.009425501835263719,-0.004650214194497421
2011-03,1440,0.2536977368261452,-0.015949865681628546,0.0009229430966635034,-0.01760070704102277,0.01123757819552019
2011-04,1438,0.0006960342055921803,-0.0024055131256932047,0.004289118893618858,-0.01683032024126731,0.008838535130714182
2011-05,1431,-0.01407710376017432,-0.0033142119114086565,-6.583438797137407e-05,-0.009029906293234686,0.0027496781974336564
2011-06,1433,0.2025927684144607,-0.008441485630636068,-0.008259285840928278,0.0040811030205429605,-0.0024552653019592674
2011-07,1473,0.2621262099044309,-0.008471178971268804,-0.02266974129396829,-0.00017723842908606196,-0.007343211650626985
2011-08,1469,0.11676938794414515,-0.006950123418331847,-0.009236072556989453,-0.0009029074035385491,-0.0035887055049537665
2011-09,1464,-0.198195180226008,0.0010969788295216716,0.011119030729803046,-0.00023391717984000242,0.00011338154764800948
2011-10,1463,-0.005996322654300898,0.0023001174869821915,0.000571364655706627,-6.1152795501025e-05,0.0027642589745600606
2011-11,1459,0.11626102459816072,-0.007384747878177742,-0.009806328357542592,0.0013757084446008815,-0.011768210156760495
2011-12,1460,-0.8103921261036747,0.03301987843840561,0.025434194412108084,-0.0005403104400837169,0.0026188246962873807
2012-01,1456,-0.1428001984303773,0.009816569846449304,0.001353619258874599,-0.0027610550025189817,0.004517013127103058
2012-02,1456,0.4551671664443145,-0.01630013392601384,-0.014134547226381435,-0.0013032566936430207,0.006020541832413469
2012-03,1455,0.032853178453549486,-0.006742599822798909,-0.00017198901826320258,-0.0034042140745349034,-0.0011855270398315326
2012-04,1454,0.13876787100157803,-0.010026701412540043,0.01871770347320412,0.0012256291429336619,0.013726947175373034
2012-05,1456,0.060973732964275086,0.0014546686732035139,-0.013310492624550025,0.002908703857703888,0.0019144500650411936
2012-06,1460,-0.06060216585036579,0.002220325414773504,-0.009675029900910381,0.001229985771583338,-0.0023742273003649218
2012-07,1661,-0.328206378453208,0.013553789848441954,0.004753573916923225,0.0007396619478474281,0.00015114067135653386
2012-08,1653,0.48204844096089067,-0.02717974584765342,-0.01134325869675886,0.00893741064989669,-0.011314568146874288
2012-09,1654,-0.09445287813475121,0.011374183147126302,-0.01118494161128082,0.00142564794986535,-0.0004145089371857605
2012-10,1649,0.22756359317203648,-0.014005357938856804,-0.0011721818826097193,-0.005309261248103479,0.012131583159718823
2012-11,1654,-0.25760396433958277,0.008808890295889986,0.005772449131019826,-0.018782868192497193,0.028269075150293907
2012-12,1650,0.0685720894148833,0.008607306896912748,-0.007059900344241178,0.0005276111418620749,0.004371564393100338
2013-01,1645,0.23324487462488858,-0.008313010519664578,-0.007928283137092366,0.003370057599075351,-0.005493386958034446
2013-02,1643,0.12238816309186032,-0.005714563520263946,-0.003634286878693478,0.013846433345627754,-0.014813487085561506
2013-03,1643,0.13802189993988667,-0.010066442443550356,-0.006140883448851862,0.017802324000698578,-0.013363395854222275
2013-04,1640,-0.10205780148315763,0.004062285574961059,0.0007572760868725433,-0.0003849067673802366,0.003995585646631838
2013-05,1641,0.3654136213532877,-0.013004327570037333,-0.009800935786697156,0.01980303040649846,-0.0234282692359781
2013-06,1624,-0.23724804243488906,0.004856006005514158,-0.0017320081122810457,0.007975610378531506,-0.004911995668711616
2013-07,1837,0.24912134948446338,-0.01090404961118727,-0.007265371669568942,0.02302815439238011,-0.012579978656351631
2013-08,1826,0.405676354320385,-0.023961916892925435,0.011542737187504783,-0.024001692038897106,0.02039903079696285
2013-09,1811,-0.14850290845267183,0.007004707017345605,0.011465663856454714,0.020870145301847054,-0.012396099334649361
2013-10,1814,-0.016720022875453128,-0.004670354151950189,0.011352522383810761,-0.004766356222557382,0.005144594741962884
2013-11,1815,0.1814629821994811,-0.013335912450130615,0.012825496529846209,0.010491272446146074,-0.0102696098581231
2013-12,1816,-0.10913449191802983,-0.0005113536664318632,0.012023412773234756,0.008781090946056645,-0.008954601833189905
2014-01,1811,0.13704168423816096,-0.013524026523494064,0.006658421121813711,0.0313890895015241,-0.0268226841246949
2014-02,1804,0.2321016566506382,-0.0159735826256872,0.006031758181981038,0.017639900277007896,-0.008418050969787394
2014-03,1803,0.23159558153145357,-0.015133437917731727,0.0011374669055490144,-0.02629902998707448,0.024821764258302226
2014-04,1786,0.12404919136747411,-0.005961844212487142,-0.007000745034896942,-0.01027994796976854,0.0055965507652914765
2014-05,1755,0.11951376838642475,-0.007023518255227542,0.0005803329397253724,0.0027712424579403334,-0.003205558473344009
2014-06,1758,0.2144789670569952,-0.01245894229882113,0.000583119198830989,0.007935980933874417,-0.004370254921320062
2014-07,1878,0.2756535026761037,-0.015199645807356974,0.011237830778893251,-0.0251281350634847,0.014591872068284894
2014-08,1850,0.3581860104847252,-0.01709333381725025,-0.008860181291583526,0.013220907973761426,-0.007757557199805098
2014-09,1845,0.7936438005070556,-0.042965537823757644,0.0017787788103632955,-0.0003426623801687928,0.007150750206468409
2014-10,1810,-0.013328024514297418,-0.0019254188090350006,0.011324807952672506,-0.006906831044490703,0.009386923509967747
2014-11,1801,-0.12439841711347677,0.005795854339449602,0.018514553091882154,-0.019848137553286446,0.01855887571290208
2014-12,1812,-1.1558241661740767,0.061684142124027355,0.04087930886995811,-0.062154531439339494,0.04076425979427458
2015-01,1799,0.3267075137024308,-0.008349862722275295,-0.02582458718743025,0.030986219751521705,-0.01607523258604581
2015-02,1773,0.14844388730510277,-0.003294979957771397,-0.0067639877859135035,0.014610845018273807,-0.009203870844803806
2015-03,1792,0.6222242325013221,-0.02943958897823185,0.007582818835882028,0.009607597590896508,-0.009012860474524056
2015-04,1792,0.3483140723894298,-0.013831890734037124,0.008086630167883042,-0.00024243575320451877,0.008935201372215602
2015-05,1778,1.4193556869650132,-0.07183600442505789,-0.02039332262149128,0.06000779836001295,-0.04066633896323692
2015-06,1745,-0.0821942329695966,-0.006646694887451369,0.02266036680091005,-0.03390233635321324,0.023005872563336964
2015-07,1712,-0.5555003049163882,0.024013612355953264,-0.005782453230115879,-0.002805889095752658,-0.01903592875112755
2015-08,1652,0.315029841468785,-0.02730777302613854,0.0037530514733333346,-0.026666067291296044,0.027400715800568402
2015-09,1616,0.07063329810414117,-0.006155976056094746,-0.004959251863553503,-0.00010204222989202393,-0.015212101963241903
2015-10,1614,0.6004559555928545,-0.018186173955780927,-0.0198326854717039,0.03589055886557066,-0.04002739405804144
2015-11,1649,0.7784052970009823,-0.037484803822823806,-0.016244970075810196,0.01457594101289842,-0.01764780533811236
2015-12,1694,0.878016244145394,-0.04341285121453495,-0.013468423423545952,-0.01773831402827669,0.004820183644579937
2016-01,1700,-0.4997464869355345,0.009335319162337895,0.012396962269263508,-0.024332934407578707,0.012992857713236286
2016-02,1691,0.15170376179864406,-0.011669318865237602,0.006172460856244742,-0.00936870822032715,0.009742296795963425
2016-03,1702,0.5525067536912178,-0.019164453382260742,-0.012358392847317799,0.01740947536223686,-0.01918002890003913
2016-04,1695,0.4684267369592049,-0.027800632638105047,-0.0019585724757215347,-0.009910966701194518,0.008417722376476647
2016-05,1678,-0.32501952128248746,0.017461321110958224,0.0019127821657338182,0.001135636119203953,-0.0118824042039915
2016-06,1679,0.254564383411104,-0.014120329613258117,0.0015246444814622558,0.016749183061111315,-0.015877819975149046
2016-07,1812,-0.07174433911403527,0.0018992151235092628,0.010815319812230063,-0.010002022623007192,0.0143614651574872
2016-08,1795,0.2458040529843538,-0.014601307109877112,0.006967471468551527,-0.00041830668949972664,0.003565951433990391
2016-09,1781,0.3089121365715484,-0.019305443726244553,-0.0009178708582285641,0.002477930199236673,0.002548405078689327
2016-10,1759,0.1865271906211752,-0.009290285554256998,2.1913207057000972e-05,-0.001966251860783943,0.005742665398670364
2016-11,1768,0.025795337566651005,-0.0024980886116587942,0.00903766853729372,-0.007314949724755599,0.011821936716016687
2016-12,1763,0.36263824519854093,-0.024435089269690697,0.00037237311105511005,-0.0061487161870843465,0.011583403226753733
2017-01,1761,-0.2323989022755163,0.009022289589179791,0.014831137171860896,-0.007077630914419824,0.007878446066813156
2017-02,1748,0.1078737184116588,-0.00682139204916513,0.0076150104373957014,-0.0008230587648572762,0.0006817323384377084
2017-03,1755,-0.22586070728505558,0.010295480761763287,0.006995970053597399,-0.0010944496320385586,-0.004798358849446207
2017-04,1756,-0.3605606090849677,0.017223527210874934,0.007333646569784616,-0.013695492729830205,0.007976825275186655
2017-05,1745,-0.5778923211992956,0.02645581469731903,0.014180995896292261,-0.0016171536731336474,-0.0025575040089606572
2017-06,1735,-0.017972104357978524,0.0025316070456345625,0.004495807162427241,-0.00020844802069341917,-0.0025849920956150865
2017-07,2016,-0.12005885941527858,-0.0008266322048181259,0.027560045560490805,-0.0030602681961531195,0.006692870545501908
2017-08,1984,0.07278273761739583,-0.0008460963255340439,-0.006185681673716001,0.0015898477149042089,-0.001796709725444644
2017-09,1992,-0.01074477049446071,0.003849132860946137,-0.007818098889563408,0.00287402538743947,-0.006682732848957353
2017-10,1982,-0.3043646089935965,0.021973803189882696,-0.011948087610293819,-0.002141805724158622,-0.0006798357805014607
2017-11,1976,-0.37592162839103715,0.014685858012916088,0.014198269477989568,0.0018563752182729938,0.00034499463456051996
2017-12,1963,-0.14194316250686653,0.007933643004580992,-1.1501259586293023e-05,-0.003666247680554475,0.00010698435842872753
2018-01,1963,-0.42304881838592023,0.017058371505816954,0.02342369765370775,-0.0035983043503568894,0.006610582993185926
2018-02,1946,-0.18356810422961303,0.008987008921594073,-0.0028100483106880507,-0.00031108267147442355,-0.005797300371093811
2018-03,1933,0.4482863586632264,-0.018541079282540538,-0.02232348058445604,-0.0025131143742083244,-0.004319910203299141
2018-04,1936,-0.11715906211164015,0.004165833586403928,0.0009426396702465851,-0.004695786069994615,0.0010854981476981895
2018-05,1955,-0.09720302566024944,0.0041616478808157486,0.0037353733784734034,-0.00813945567773743,0.0009026007973614385
2018-06,1956,-0.3370651127238555,0.00972393971241775,0.012325982017789347,-0.00191263518498817,0.0019214959356729268
2018-07,2083,0.13867783063185501,-0.01229316424871944,0.012628162770665361,-0.0010865897319817129,0.014810494046171217
2018-08,2092,-0.13903803915267066,-0.0010262677653884045,0.014213785135911584,-0.0007673132445303616,0.005620094331680446
2018-09,2098,-0.12517115102278767,0.004258030136986129,0.009908514854356166,-0.0005653411278767648,0.001832697897531885
2018-10,2101,-0.03189815426835718,-0.004913668888246341,0.0025798941053150407,0.0042223855627605035,0.012513228007959912
2018-11,2114,0.4022868020635907,-0.020562550904120312,-0.004367952618137376,0.006926919182820509,-0.013517319324322798
2018-12,2115,-0.012544519357554462,-0.00025357117634011977,-0.004899887239979682,-0.0002508119669817777,0.0037937793693843917
2019-01,2115,-0.28011550833241206,0.012255503282909181,0.01461440629043006,-0.010226292696202384,0.005784312768135539
2019-02,2115,0.40264911668815595,-0.009323878155958774,-0.008798366856157355,0.01175941706789773,-0.014211580246201796
2019-03,2115,0.4041727397704735,-0.01747339205273464,-0.0034935533831210383,-0.006090851077860546,-0.006999185786381118
2019-04,2114,-0.059992489139610194,-0.0008604220942105912,0.007735393538443737,-0.0029394391348529884,0.005877622622625828
2019-05,2114,0.06248526897637294,-0.008114577189176879,0.001445083588918047,0.0012330370616129077,-0.001098182882906664
2019-06,2113,-0.1554611420379653,0.010745697022801502,-0.0012599657307709093,-0.004570669021918421,0.004121353414735995
2019-07,2564,-0.1101472610652085,0.006188616493269253,-0.0005685889410425205,-0.007204463626500036,0.0008522223256030876
2019-08,2563,-0.06331160378091752,0.007703103190377493,-0.01311037979328526,0.0032867640137259338,-0.015759116853089464
2019-09,2563,0.05865297820800536,-0.002001745572200376,-0.00337653816456803,0.0009346926937362924,-0.005748914897023675
2019-10,2563,-0.10828910350718839,0.004948481094096863,0.003856480589727704,-0.001232509887613654,-0.006445384658000593
2019-11,2562,0.012275490314152787,0.0005198492201281915,-0.005286279915507976,-0.006921845030742363,0.008162427730245966
2019-12,2561,0.045748032396790456,0.0012776621841344184,0.0008040483541793403,0.00755282963030806,-0.002743750356080786
2020-01,2559,-0.005319523966861139,0.0019703525107746785,-0.006446014846321239,0.0023787001042112864,-0.023265256960195203
2020-02,2557,-0.1565571055269857,0.007573447341178189,0.0020552656796187984,0.01126373030560308,-0.022727733917168653
2020-03,2557,0.3065102710099407,-0.0224018219718604,0.004415872417966877,-0.01565796251123447,0.008687289591030642
2020-04,2555,-0.2418714390536689,0.016580777004714616,-0.0012671271095273462,0.0014315636502645048,-0.012145178351214531
2020-05,2551,0.16403920926339396,-0.009566020295139796,0.0009327123058794819,-0.012246031901459224,-0.014971966455930588
2020-06,2553,-0.005958633569229266,0.008435181836352272,-0.01175700797485225,-0.005827015557369485,-0.014732179391479375
2020-07,2729,-0.0593282235384992,0.008663679184178427,0.00914074323953868,0.0038937282533998644,0.001042971894662889
2020-08,2727,0.17984806180888696,-0.008622129085534039,-0.0011056989372151605,-0.014514730530751705,0.00671219994204969
2020-09,2725,-0.09951916725206372,0.0005267974664226731,0.0035760076924046414,-0.011967315917372755,0.005983568147667512
2020-10,2725,0.017636847062225344,-0.001840258331222247,0.0017678000734157669,-0.017285203342943277,-0.002080755407442436
2020-11,2725,0.037131637381863716,-0.003515219511318028,0.012844076914573966,-0.008058215058492281,0.03036848290564214
2020-12,2725,-0.30639472767030357,0.01871630437824895,-0.0023222506935343303,0.0008103065505450759,-0.0031276917469687153
2021-01,2725,-0.3267607815756415,0.022609692867731984,-0.013049965531980342,-0.015600752248473286,0.003479595840697125
2021-02,2724,0.2446538675758093,-0.014378033927878993,0.0051317980344520245,-0.007810657710996096,0.0241837774438607
2021-03,2722,0.37038986743201746,-0.02650502523829508,0.013679610566067302,-0.00897376998060008,0.007508150688836429
2021-04,2721,0.05533990503773158,-0.0022108169780826557,-0.0012003709304301549,-0.012087472437389536,-0.0057736561442914645
2021-05,2719,0.17399450660216786,-0.007590199477092388,-0.0006475904948339533,0.008113668882447064,-0.0001301905696484626
2021-06,2722,0.27277537472298563,-0.01122493413346725,-0.013382493905157479,0.0015698223154043266,-0.0043011742834642725
2021-07,2793,0.08888798937003964,-0.004006569223883572,-0.005054829229374351,-0.01142166261331486,0.012848223344292939
2021-08,2793,0.1575392676374966,-0.009499712989391692,0.014729933058480263,-0.015072641498903703,0.04329306236083814
2021-09,2793,-0.16360972837766577,0.004369435833400242,0.014597455841577206,-0.0002461910651203802,0.007365422869106533
2021-10,2791,0.05181809257677275,0.0018346112523548149,-0.01621907771975992,-0.009997592378811163,-0.02771435443186292
2021-11,2791,0.6492819483479177,-0.03282968899227147,-0.008522843359872561,-0.0002530604624918749,-0.024113683235667704
2021-12,2791,0.07729904265983904,-0.008685356221235287,0.017149664159667472,0.010714643623696354,0.00036373242626491255
2022-01,2790,-0.05182248228732105,-0.0070097695398659565,0.013585680135602905,-0.0026134214370296662,0.011348750082136715
2022-02,2790,0.17204601553244614,-0.006733312363005108,-0.0026390193759940053,0.0037381379376902894,0.01648891428239494
2022-03,2790,0.15951855268643653,-0.024083512132826848,0.03077227382528465,0.004922446784663486,0.004831860254945804
2022-04,2789,-0.5371550509013856,0.022855563985890986,0.009074711277738748,-0.018909938498846528,0.01558234269797746
2022-05,2772,0.6069264332379124,-0.024426969313776598,-0.017413140880547247,-0.006586797139236329,-0.0006283501553381206
2022-06,2784,0.010855664435823989,0.009872114775884405,-0.016381538035689994,-0.005291576716751014,-0.022153292426428824
2022-07,2855,0.3075983201001137,-0.021963698606607504,0.00764012237779316,0.030171287999437083,-0.019454494802290074
2022-08,2852,0.09437253696593624,-0.007447227893448222,0.001950272809774587,-0.013302170003169994,0.0183913311754147
2022-09,2852,-0.08787318355039349,-0.0006395869144362981,0.004231217641044546,-0.014443413066409562,0.007034107985489519
2022-10,2852,0.2135556876443977,-0.014143347691075501,0.0016810677094535615,0.02311628643015602,-0.0344907711523698
2022-11,2852,0.16378772572530187,-0.005698742819893369,0.005252293999452241,-0.0088217907077556,0.03578732986309108
2022-12,2852,0.1478240539922963,-0.007245470192790269,-0.007944878956569715,-0.027369761126905694,-0.0029210367757682423
2023-01,2852,0.003118104484773967,0.0031488750953630245,0.0009209901366374514,0.0159876899197815,-0.024079571793173157
2023-02,2852,0.12751090636716614,-0.009558004578293975,0.009408119501304522,-0.006205057210617079,-0.002272197481668574
2023-03,2851,-0.14093868157127595,0.004783256315658487,0.007262106827115643,-0.005383768954780343,-0.009993125030371492
2023-04,2851,-0.36902700570277885,0.010373547766037876,0.029968696425647666,-0.0016770885524691375,0.010318977532370929
2023-05,2844,0.12559657454136972,-0.01461980973972736,0.014850344797690856,0.0019718673599539395,-0.020627239627557855
2023-06,2842,0.20036011903813594,-0.010117817643172135,-0.0019783196454820117,0.0011872717274504958,-0.01272723061174749
2023-07,2996,0.28050159757502896,-0.015894582343034716,0.005393608823332657,-0.04092882717762064,0.03283836383273477
2023-08,2992,0.016934191226523947,-0.005548079757529404,0.0015702109804418133,0.011145620581040724,0.001186995279870994
2023-09,2991,0.04106646504797185,-0.006477558780331786,0.009676237724678518,0.005497468706100307,-0.003945686623161957
2023-10,2991,0.16174144471285642,-0.012315900962508097,0.0030046419010378664,0.006830425942033521,-0.013441381272919805
2023-11,2991,0.33077668865517507,-0.018039048525555542,-0.0035766529656304884,0.014865403456213244,-0.003174807407218109
2023-12,2991,0.03633882370185379,-0.003209652131736885,-0.001471951469964687,0.004208776683260789,0.00043350149772656367
2024-01,2991,-0.6879523988364763,0.02538596547379101,0.024534419473444886,-0.023233096416990735,0.049272706766443665
2024-02,2990,-0.7816724283895531,0.05387040573783491,-0.007972775613994613,0.027049109857877743,-0.032813324441426296
2024-03,2990,0.4440236614142206,-0.027186256086037724,0.004494158438089809,0.0080700136424936,-0.005107031411387223
2024-04,2988,-0.5406990331171138,0.024626631328133294,0.022369071422191834,-0.005983423175862793,-0.006694940725532481
2024-05,2975,-0.20674874666173595,0.00677723489278036,0.012790319193689706,-0.002769534716034577,0.005497651736303934
2024-06,2977,-0.5116151523326505,0.01913795546240292,0.0176039208468096,0.007404270853598221,-0.008151878513553742
2024-07,3045,0.14682974345348695,-0.011483349846057166,0.0068124476623917015,0.004723122983485114,0.0021791649407190044
2024-08,3039,0.14662832943379495,-0.009085041084293886,-0.006138079633666763,-0.0014114232067820491,0.005223107968619317
2024-09,3037,0.27352370171221546,-0.0011353926507492143,-0.007350556253738531,-0.0031515609993294875,0.013060707523668749
2024-10,3037,0.606490079325462,-0.027474831111413776,-0.021791281361564118,0.031145146884097266,-0.016206581435015407
2024-11,3038,0.5050777006267506,-0.029153732871146743,0.0016577138282229528,-0.01746329977447112,0.0006311832677672099
2024-12,3036,-0.23305886164277462,0.009859386558892742,0.008448309175969353,-0.012934563742160168,-0.002399410010285571
2025-01,3037,-0.09134184549353347,-3.0713158211364734e-05,0.009629115089875441,0.014306820567542615,-0.019395226093668064
2025-02,3038,0.18854909944713147,-0.008849235678774856,-0.0024885235913355702,0.029471456541173658,-0.03128729625286389
2025-03,3035,-0.07472668110749092,0.004071975790825486,0.0019774901612543932,0.002727933940272549,0.001941683682016284
2025-04,3034,0.21513243137168647,-0.016306968446422078,0.0051471959424370505,-0.017445534130369218,0.011631886808650514
2025-05,3023,0.45307691817720275,-0.022098431194599973,-0.00863240718205013,0.0008915347291940925,0.011395328831906923
2025-06,3029,0.013753800177905444,0.0009011983242314117,-0.0002682400400865516,0.025618061513135428,-0.019725573115309834
2025-07,3092,0.10195414638231892,-0.004625684316393627,0.004270712469037765,-0.018068031825651643,0.0009056694238778387
2025-08,3090,-0.17867818060010776,0.019148905499571035,-0.01151248269459922,0.021016889700033188,-0.028499106033307846
2025-09,3089,-0.007083126260233455,0.0010068255723276718,-7.367065798306264e-05,0.0004530786124682289,-0.005281790647141073
2025-10,3088,0.15704271397154518,-0.011277036672192922,0.007818687772841042,0.0011200329622494815,0.014989299924290655
2025-11,3088,0.33432281077891884,-0.0179050900037386,-0.007088130540028078,-0.0029344189946255844,0.014003572233448693
2025-12,3087,-0.2581029786160895,0.013219849128163527,0.009108257244718483,0.007497430021562057,-0.02344184481921443
