Trdmnt,RF,RM,MKT_RF,SMB,HML,SL,SM,SH,BL,BM,BH,N_SL,N_SM,N_SH,N_BL,N_BM,N_BH
1992-07,0.006091999999999999,0.000752,-0.005339999999999999,0.005426778784701963,0.06919928406215847,0.053661788671610644,-0.022638536092039346,0.19191141322593364,0.08655605643000606,0.03339327302139297,0.086705,2,2,2,2,3,1
1992-08,0.006091999999999999,-0.153638,-0.15972999999999998,-0.10474616419432843,0.08599436170929785,-0.24595859753395932,-0.2662807788114676,-0.10824645274102081,-0.1167235786256572,-0.10707675787780516,-0.082447,2,2,2,2,3,1
1992-09,0.006091999999999999,-0.105012,-0.111104,-0.09914120696470485,0.11074183383011348,-0.17127398931082188,-0.14326562789494113,-0.01012199104374785,-0.022650669393152925,-0.042268317962243375,0.037681,2,2,2,2,3,1
1992-10,0.006091999999999999,-0.210241,-0.216333,-0.09051880978622215,0.08174083678477198,-0.3489616856835205,-0.2326740702689642,-0.17857474136038762,-0.16069272924641104,-0.1603633387077949,-0.167598,2,2,2,2,3,1
1992-11,0.006091999999999999,0.211334,0.205242,0.23113326160180095,-0.271110022506261,0.4490330736609752,0.3481598049596536,-0.014436933846053568,0.05861603750549311,0.050874122463679394,-0.020134,2,2,2,2,3,1
1992-12,0.006091999999999999,0.180465,0.174373,-0.02283735560651355,0.10855042920963527,0.07352432694254957,0.10306542335766423,0.17812392411467115,0.10325173875285101,0.10422100248157462,0.215753,2,2,2,2,3,1
1993-01,0.006091999999999999,0.456366,0.450274,0.20490841174997493,-0.1533062812789145,0.4211634552359353,0.3995499078877713,0.15989323294976143,0.12421534027165514,0.16279302055188805,0.078873,2,2,2,2,3,1
1993-02,0.006091999999999999,0.151968,0.145876,0.05970519929814566,0.09584177442379174,0.2405430715394318,0.11498813853427896,0.30737774174268634,0.12319312135567109,0.11255823256628901,0.248042,2,2,2,2,3,1
1993-03,0.006091999999999999,-0.259728,-0.26582,-0.14747668059995955,0.03580048241327455,-0.2020704610043706,-0.32349404622169453,-0.14306874014436424,-0.05862424396654274,-0.12155396160400796,-0.046025,2,2,2,2,3,1
1993-04,0.006091999999999999,0.172072,0.16598000000000002,0.2598384360593733,-0.13118277339556417,0.37070036847790855,0.5840255007327796,0.1255827689699025,0.11274194728312227,0.09255738271934844,0.095494,2,2,2,2,3,1
1993-05,0.007346,-0.271273,-0.278619,-0.10669562685149511,0.05574723182722516,-0.27297111160293236,-0.27201223515805706,-0.17561316279069766,-0.13327051484221564,-0.14810511415498612,-0.119134,2,2,2,2,3,1
1993-06,0.007346,0.040164,0.032818,0.0733147757284346,-0.04009023081176093,-0.04769753036230406,0.09637811904257573,-0.060378776276086364,-0.051352784290260474,-0.061437730490858024,-0.11885200000000001,2,2,2,2,3,1
1993-07,0.008719,-0.163695,-0.172414,-0.02978425537757201,-0.028814797650178817,-0.07929658649221977,-0.0942468671783651,-0.125473189903787,-0.07292178948870945,-0.05236730657544653,-0.08437478137749986,5,13,6,10,5,8
1993-08,0.008719,0.047176,0.038457000000000005,-0.008207262519243877,-0.08763155133425073,0.11020204072169086,0.050907542944857234,0.010533737612700302,0.07381410755259374,0.12423169329130347,-0.001780692006917173,5,13,6,10,5,8
1993-09,0.008719,-0.026604,-0.035323,0.060902102103679225,0.0725667901410033,-0.02736872230957822,-0.0071699466605268545,0.07871433256054206,-0.05153020865474888,-0.07452075082298927,-0.012479683242862557,5,13,6,10,5,8
1993-10,0.008719,-0.084586,-0.093305,0.0500655168818635,-0.007196339908759092,-0.03354295589133524,-0.03189585780698935,-0.00778585252248006,-0.050895571026487355,-0.08148029162704709,-0.09104535421286072,5,13,6,10,5,8
1993-11,0.008719,0.167208,0.158489,0.1301920901722945,0.12422780810242338,0.12071697469526442,0.1973809876082527,0.3325101964018041,0.04740555922287636,0.12855837524437805,0.08406795372118343,5,13,6,10,5,8
1993-12,0.008719,-0.134264,-0.142983,-0.00046920287119542325,-0.14328843167194572,-0.037622746724812826,-0.13022994325471848,-0.11830366883317564,-0.01409341548785354,-0.05066597798788501,-0.21998935672338216,5,13,6,10,5,8
1994-01,0.008719,-0.101872,-0.11059100000000001,0.08541114145436339,0.04354985457611134,-0.12801508506501297,-0.09537974982992911,-0.0857007720030093,-0.19556301517239466,-0.21898839700647113,-0.15077761908217566,5,13,6,10,5,8
1994-02,0.008719,0.007581,-0.0011379999999999993,-0.012546939799366382,-0.038537778473066706,0.030913136866248872,-0.0007988195625321631,-0.017886165774208027,0.000784562063475975,0.07657610110633238,-0.027491692242200532,5,13,6,10,5,8
1994-03,0.008719,-0.100372,-0.10909100000000001,0.11509149486665479,0.11116203149589551,-0.1480950582681591,-0.05250847667839938,0.03736140930273155,-0.17381583715696394,-0.19775253135076373,-0.1369482417360636,5,13,6,10,5,8
1994-04,0.008719,-0.159827,-0.168546,-0.01704484205669063,-0.00911671018565402,-0.14694405689663667,-0.1382627137223031,-0.15439924796874205,-0.11957594236416134,-0.1385413783900846,-0.130354171663364,5,13,6,10,5,8
1994-05,0.008719,-0.062648,-0.071367,0.0016942043647580896,-0.013271409515479476,-0.08077009248787625,-0.07668108515545265,-0.022073050530648484,-0.026609224795795552,-0.04614853068847384,-0.11184908578398227,5,13,6,10,5,8
1994-06,0.008719,-0.166252,-0.17497100000000002,-0.014374636894828624,-0.028753062920784722,-0.15062990694710823,-0.15617507081652182,-0.19762170696212428,-0.12844218032277718,-0.19390408756916075,-0.1389565061493306,5,13,6,10,5,8
1994-07,0.008719,-0.277964,-0.28668299999999997,-0.05380114001959957,0.05970927374385904,-0.3555596731409327,-0.28086161341047133,-0.2813004374231419,-0.29422119038513084,-0.2130352349154127,-0.24906187861520362,27,37,15,21,26,32
1994-08,0.008719,1.199601,1.190882,0.2142479958190191,-0.30020823182395384,1.5709883421004016,1.1464786915295928,1.265696465170074,1.3687751936973707,0.8979937106658495,1.0736506069797906,27,37,15,21,26,32
1994-09,0.008719,0.059006,0.050287000000000005,0.041322803694257795,0.02699657187222202,0.06472530101866063,0.1577505061048827,0.11538463123952543,0.03944135194282303,0.1316755098710701,0.04277516546640227,27,37,15,21,26,32
1994-10,0.008719,-0.190591,-0.19931000000000001,0.03488910066374282,0.01317084287886372,-0.16861319937571304,-0.16813940164426394,-0.15772198758886394,-0.2048802599557578,-0.20483184465943222,-0.18942978598487942,27,37,15,21,26,32
1994-11,0.008719,0.039206,0.030487,-0.028179283831698727,-0.04142843537100525,0.05365449087221858,0.015789156801117605,-0.018965480242086264,0.050973834655062125,0.043305249243927486,0.04073693502735649,27,37,15,21,26,32
1994-12,0.008719,-0.054724,-0.063443,0.002074150729905827,-0.007572567523533094,-0.04799840921125462,-0.04947661900091901,-0.06155905632102253,-0.05287261459812598,-0.0579268195893634,-0.054457102535424254,27,37,15,21,26,32
1995-01,0.008719,-0.125162,-0.133881,-0.00629412866558432,0.003172976698879143,-0.14379201211769252,-0.12832251504621367,-0.1377925946701254,-0.12021297976028555,-0.1509453122668986,-0.11986644381009444,27,37,15,21,26,32
1995-02,0.008719,-0.016772,-0.025491,-0.001080521047780541,0.025294355216064393,-0.044179564719157745,-0.017918952677471463,0.003175142447532517,-0.022303095434203005,-0.014309624202787578,-0.019069092168764488,27,37,15,21,26,32
1995-03,0.008719,0.152571,0.143852,0.012829905791101631,-0.08137507908846904,0.18671969921108322,0.15886011825023594,0.13088601191314433,0.21217487838960603,0.1205428261009457,0.10525840751060683,27,37,15,21,26,32
1995-04,0.008719,-0.100792,-0.10951100000000001,0.005703651073134669,-0.0019138033800809306,-0.09565334548420494,-0.09323806137160574,-0.11791653438442061,-0.1058013115560574,-0.1307518534875743,-0.08736572941600357,27,37,15,21,26,32
1995-05,0.008719,0.18584,0.177121,0.04309423203880455,-0.088068371987957,0.26020054345512034,0.17411459611136693,0.16070183112565167,0.2075503186915893,0.12727166883899202,0.13091228704514393,27,37,15,21,26,32
1995-06,0.008719,-0.091822,-0.100541,0.003924816749008436,0.023728453793306375,-0.09018348430942014,-0.08045991583324034,-0.08329811387767709,-0.10727033785453498,-0.09174682571316262,-0.0666988006996653,27,37,15,21,26,32
1995-07,0.008719,0.085736,0.077017,-0.019514061430194088,0.06085684368873278,0.04212705571108236,0.024067861172120692,0.10846043888349316,0.0498437924611617,0.0781296509299003,0.10522409666621646,36,60,48,51,55,38
1995-08,0.008719,0.046407,0.037688,-0.03429113980829844,0.14998798245993927,-0.03142540604292132,0.026122354045404,0.09004326134943452,-0.029430212576348168,0.06796675640198613,0.14907708495117455,36,60,48,51,55,38
1995-09,0.008719,-0.004147,-0.012865999999999999,-0.013514485655267604,0.08002717600757145,-0.045601853029554655,0.0014289494409271933,0.015470394937018501,-0.0492664083832778,0.011391661032179716,0.04971569566529194,36,60,48,51,55,37
1995-10,0.008719,0.004456,-0.004262999999999999,0.004151185616028553,0.052034619577350644,-0.001902431287374997,0.004709509246856923,0.032588159634707334,-0.028584961668147554,0.01053295584977975,0.04099368656447141,36,60,48,51,55,37
1995-11,0.008719,-0.093218,-0.101937,0.015570013991614035,-0.08038270215602811,-0.03544540247311587,-0.05273290319472615,-0.11129890910659226,-0.032912507116910725,-0.09545034483687516,-0.11782440479549051,36,60,48,51,55,38
1995-12,0.008719,-0.12401,-0.13272899999999999,0.0057656416663214305,0.014194605256901721,-0.12949708504954363,-0.09534719599995899,-0.11191343867623103,-0.12512727105976137,-0.11460566674566601,-0.11432170691927052,36,60,48,51,55,38
1996-01,0.008719,-0.037488,-0.046207,0.001208144112860965,0.07868643490533597,-0.06799446726367739,-0.03792153040787408,-0.0026636555500261314,-0.08235311757079383,-0.039539908515593525,0.009688940526226866,36,60,48,51,55,38
1996-02,0.008719,0.029781,0.021061999999999997,-0.011912659038073776,-0.03630205895760212,0.04749747680735307,0.02229802591278271,0.00020530657243948713,0.053153115810174956,0.02474450246673734,0.027841168129884294,36,60,48,51,55,38
1996-03,0.008719,0.006676,-0.0020429999999999997,-0.0025685093688293716,0.003456864119075044,0.002546930814989972,-0.003886877550837341,0.004059802963519392,0.003071785856384047,-0.0011190434682286244,0.008472641946004715,36,60,48,51,55,38
1996-04,0.008719,0.294034,0.28531500000000004,0.025795004096015206,0.026338366277534497,0.2880765816032533,0.37512286293374114,0.30652800563031884,0.25223788544315007,0.353641358464964,0.2864631939711535,36,60,48,51,55,38
1996-05,0.007346,-0.03048,-0.037826,-0.08088113049028609,0.09372833090378759,-0.11893212292975751,-0.0677264938315038,-0.07896605966295825,-0.07325183728008963,-0.023968208933957975,0.07423876126068629,36,60,48,51,55,38
1996-06,0.007346,0.240369,0.233023,-0.16004727855481643,0.07000839222619915,0.06162854793331255,0.17480987073846854,0.12346460230144257,0.21814661689268794,0.32557089276802886,0.29632734697695623,36,60,48,51,55,38
1996-07,0.007346,0.123955,0.11660899999999999,0.1444968746043807,0.27947220981477977,0.04781275701267659,0.20967925054660647,0.4805352764939648,0.03742216157872604,0.10347043693438239,0.16364406172699741,47,65,42,46,58,50
1996-08,0.006022,-0.002064,-0.008086,-0.04042860553009005,0.03948223091874086,-0.05558253426036856,-0.045770602055204695,-0.01654531486549288,-0.01490535606889806,-0.0067291648956059056,0.025021886373707974,47,65,42,46,58,50
1996-09,0.006022,0.063073,0.057051000000000004,-0.02492742413019474,0.009421244238628605,0.01532813690002862,0.03550020091004267,0.06789765306780016,0.08857261105818726,0.05009006884259547,0.05484558336767294,46,65,42,46,58,50
1996-10,0.006022,0.201707,0.195685,0.19301983214206037,0.28917403548187226,0.19540562237188916,0.36219686739358803,0.537013781045732,0.08508492710158908,0.1086470078919483,0.32182483939149076,47,65,42,46,58,50
1996-11,0.006022,0.078422,0.0724,0.060517034773626285,0.048369673968364474,0.08418531311372776,0.11764405772254515,0.15737430641973063,0.05263327397143809,0.04883567036152245,0.07618362860216417,47,65,42,46,58,50
1996-12,0.006022,-0.172235,-0.178257,-0.0815004358983358,-0.07915267530837825,-0.18714144054445708,-0.23896342739736962,-0.3053144668264287,-0.14755329443712628,-0.1516791138642106,-0.18768561877191112,47,65,42,46,58,50
1997-01,0.006022,0.068688,0.062666,0.046522178798148336,0.05893678978814433,0.0962927863602982,0.10335092901655953,0.14217117037539176,0.022170718385334375,0.08591171702594064,0.09416591394652948,47,65,42,46,58,50
1997-02,0.006022,0.057548,0.051526,0.0315331568620735,-0.041147868487707656,0.12501929458595018,0.0990282898727134,0.06671148118193054,0.07871825204834365,0.062711014529082,0.054730328476947976,47,65,42,46,58,50
1997-03,0.006022,0.192075,0.186053,0.01551390168492564,-0.036491929494231884,0.2573033557190334,0.18443654103762988,0.18472386059100815,0.17493788770001248,0.23045064075330804,0.174533523839574,47,65,42,46,58,49
1997-04,0.006022,0.098318,0.092296,-0.06267753996020096,-0.07563684251789471,0.10919469573910873,0.07169961288256703,0.03297336230072679,0.1440050316743836,0.18894257905164577,0.06895268007697614,47,65,42,46,58,49
1997-05,0.006022,-0.084362,-0.090384,-0.051797039779572854,0.030541117154393088,-0.1338016103778898,-0.11254281047109735,-0.11194008442899307,-0.07948219538732729,-0.08314970352449655,-0.040261487027437835,47,65,42,46,58,49
1997-06,0.006022,0.000913,-0.005109,-0.006299825536901495,-0.0007492921109480642,0.0027449535684701404,-0.006887029980343052,0.00709525164953085,0.002177212170591838,0.023347109810135585,-0.0036716701323649997,47,65,42,46,58,49
1997-07,0.006022,-0.066254,-0.07227599999999999,0.05184717228716816,0.01273774251045032,-0.007429705677309759,-0.03794336809089654,-0.01249435354601189,-0.07991708818865602,-0.0841149006880134,-0.04937695529905325,68,101,73,78,92,72
1997-08,0.006022,-0.006532,-0.012554,0.040132469717549156,0.09906160443360462,0.008588845806792547,0.005550678114575457,0.10845243591364588,-0.03820743518696909,-0.019650197704051325,0.060052183573386826,68,101,73,78,92,72
1997-09,0.006022,-0.107803,-0.113825,0.011079247972470535,-0.03504910333662531,-0.10056128068491109,-0.10021951004339266,-0.11824904989820932,-0.08965804661712352,-0.12054105384972529,-0.14206848407707592,68,101,73,78,92,72
1997-10,0.004606,0.135003,0.130397,-0.044262354558220154,-0.045321977666286845,0.09182699762106901,0.0899004447683524,0.06346004183695231,0.15258030296934272,0.13509094151080578,0.0903033034208857,68,101,73,78,92,72
1997-11,0.004606,-0.046325,-0.050931,0.018436594199689484,-0.012541072470067558,-0.02172804595075585,-0.039702551283298124,-0.03092054771112425,-0.03883088373054864,-0.05410951690338268,-0.054720526910315356,68,101,73,78,92,72
1997-12,0.004606,0.043717,0.039111,0.06257741716627781,-0.035392725131093046,0.08991927268970142,0.08766017965026293,0.05808509088906553,0.023246336616965946,0.04039088695781476,-0.015704931844584265,68,101,73,78,92,72
1998-01,0.004606,0.019986,0.015380000000000001,0.03170332805637591,-0.006327946665171804,0.055631043556540465,0.05195084475563316,0.03876177227469127,0.012442416366181385,0.022135465733868848,0.01665579431768697,68,101,73,78,92,72
1998-02,0.004606,-0.022234,-0.02684,0.03343171059176915,0.042652787855089316,-0.007185975656962233,0.011614923591056675,0.03625142157739828,-0.03200042456109532,-0.0374820916174422,0.009867753914722806,68,101,73,78,92,72
1998-03,0.004249,0.023757,0.019508,0.05123752357153125,0.020146849474748006,0.04053095116644167,0.0916328757178718,0.06588123223113804,-0.0031029950727850713,0.03559506066162826,0.011840422812014566,68,101,73,78,92,72
1998-04,0.004249,0.089083,0.08483399999999999,0.07669057460430502,0.016676476826164563,0.12568580184127368,0.1500316985354878,0.1488697603028041,0.0663790096357404,0.05158852240437102,0.07654800482653909,68,101,73,78,92,72
1998-05,0.004249,0.05492,0.050670999999999994,0.05712645834454226,0.02799435529189015,0.08370869735323815,0.13763435375453908,0.10795278042282627,0.0456703563447855,0.034831116293213546,0.07741498385897769,68,101,73,78,92,72
1998-06,0.004249,-0.060283,-0.064532,0.0036365168425790684,-0.021141604703347985,-0.04761536780412109,-0.08058627501131832,-0.08189948699326677,-0.06432244937524367,-0.08436669136840573,-0.07232153959279397,68,99,69,77,91,72
1998-07,0.003891,-0.014238,-0.018129,0.014668962045188997,0.0277847565942521,-0.014429080808037965,-0.005910322730622524,0.01783554318011176,-0.03266025376963493,-0.004495128155200326,-0.009355364569280463,96,155,103,117,127,109
1998-08,0.003891,-0.127299,-0.13119,0.03066852551288765,-0.0024162625982264985,-0.11180167239963427,-0.10492526692962716,-0.09172382780755312,-0.12120845191250243,-0.13312907006193855,-0.14611882170103657,96,155,103,117,127,109
1998-09,0.003891,0.079515,0.075624,0.07184108304020732,0.01851871093676813,0.13579904220039718,0.1406985609697428,0.13290804889292676,0.040655543106451135,0.07264290154853575,0.08058395828745783,95,155,103,117,127,109
1998-10,0.003891,-0.011797,-0.015688,0.04663232448807565,-0.03948145958655909,0.035365429988252324,0.04018880279768868,-0.014556903855748704,-0.01871286071140777,-0.012433337782101945,-0.04775344604052493,95,155,103,117,127,109
1998-11,0.003891,0.021069,0.017178000000000002,-0.02284784763519205,-0.017366172331253676,-0.0014563904536120725,0.008397472906759797,-0.012118964234757688,0.03853817685973641,0.010359078285855113,0.014468405978374673,95,155,103,117,127,109
1998-12,0.003097,-0.081349,-0.08444600000000001,-0.026263053266099776,-0.0034508546429243975,-0.10590596611665194,-0.10228114478329868,-0.10851763251774608,-0.06970103437869758,-0.09422347197724758,-0.07399107726345225,95,155,103,117,127,109
1999-01,0.003097,-0.010077,-0.013173999999999998,0.021985080338685264,0.010887290114308126,-0.01030260010950577,0.011287180179293572,0.016891714263157283,-0.016235076142654833,-0.010189060253754236,-0.02165481028670163,95,155,103,117,127,109
1999-02,0.003097,-0.043363,-0.04646,0.0068521684446070305,0.001981184447094872,-0.04565541570590522,-0.027721214496160045,-0.04035771214405135,-0.04488971145592728,-0.04317609010041905,-0.0462250461235914,95,155,103,117,127,109
1999-03,0.003097,0.067116,0.06401899999999999,0.06368816924343214,0.06695212102381656,0.09320615104236353,0.10496464420017451,0.16064690741174978,0.017372815001669616,0.06654407924240527,0.08383630067991649,95,155,103,117,127,109
1999-04,0.003097,-0.034771,-0.037868000000000006,-0.006945876648092653,0.023080553375779623,-0.034542081860304455,-0.0466666392822225,-0.033656191362837096,-0.057077542239250226,-0.025147414336677536,-0.011802325985158338,95,155,103,117,127,109
1999-05,0.003097,0.120887,0.11778999999999999,-0.050257593823893276,-0.06696480504922189,0.08311513753223677,0.09787600825393425,0.06525161985546016,0.1953758496625461,0.12232994020988597,0.07930975724087892,95,155,103,117,127,109
1999-06,0.0018559999999999998,0.338397,0.336541,-0.027065549102158415,0.003321311899108892,0.2985111528929617,0.2864996458995622,0.3584800746690992,0.39273281669962123,0.2925481853467755,0.3394065187217016,95,155,103,117,127,109
1999-07,0.0018559999999999998,-0.056682,-0.058538,0.020954447983366285,0.018087229139760977,-0.05341277845609083,-0.04361066341391237,-0.032551115006896905,-0.08019700582475238,-0.04735668400782221,-0.06488421099442436,120,189,98,124,137,145
1999-08,0.0018559999999999998,0.009281,0.007424999999999999,0.05274987251180768,0.035193498702131856,0.04445850547149307,0.05795469796065233,0.05663016861268236,-0.026538634404258455,-0.004344310945152789,0.03167669985881597,120,189,98,124,137,145
1999-09,0.0018559999999999998,-0.026651,-0.028507,0.007217232284997172,-0.0201652264063492,-0.009138970740647647,-0.034192450160783254,-0.030718453325010966,-0.021202788285186652,-0.034545024282725004,-0.03995375851352173,119,189,98,124,137,145
1999-10,0.0018559999999999998,-0.044471,-0.04632699999999999,0.021150974756791344,-0.0027714666270707636,-0.026977340302861988,-0.026931224974698142,-0.03695271802983642,-0.05905071537206278,-0.040645221306477936,-0.05461827089922988,119,189,98,124,137,145
1999-11,0.0018559999999999998,-0.04198,-0.043836,0.03372698675520474,0.0031490280086961878,-0.013809473720246258,-0.016362098487852646,-0.01986607090892952,-0.05857883702160645,-0.04641558254550538,-0.046224183815530805,120,189,98,124,137,145
1999-12,0.0018559999999999998,-0.049834,-0.05169,-0.014385713932509259,-0.04371841926551605,-0.040730223612917886,-0.06036213471261446,-0.07821628830322275,-0.01435058577199298,-0.05749955944651412,-0.06430135961272021,120,189,98,124,137,145
2000-01,0.0018559999999999998,0.14104,0.139184,0.015003427520716983,-0.09022531468683667,0.19887778101892742,0.1543271470834078,0.12015147364176759,0.1937105189206122,0.14264940333724088,0.09198619692409865,120,189,98,124,137,145
2000-02,0.0018559999999999998,0.118925,0.117069,0.021928123314693612,-0.02107747697312365,0.1448554196569592,0.14993059366569522,0.13227390249714585,0.13688341587527428,0.1170821509116049,0.10730997908884028,120,189,98,124,137,145
2000-03,0.0018559999999999998,0.060724,0.058868000000000004,0.07399111396752411,0.032673037012375325,0.1105674283474187,0.1244412395875132,0.10647030771502146,0.002943953377851581,0.04417453233452991,0.07238714803499947,120,189,98,124,137,145
2000-04,0.0018559999999999998,0.016872,0.015016000000000002,-0.012830993474494304,0.017480415653400236,0.00210132518719229,0.023894569221235697,0.003048209440159335,0.00747319964158641,0.01857673793506399,0.041487146695419835,120,189,98,124,137,145
2000-05,0.0018559999999999998,0.029474,0.027618,0.02026013785439914,0.026400191901653075,0.02504307376920445,0.05307827152228677,0.04228361699078649,-0.0038646714636374722,0.03179405106463114,0.03169516911808663,119,189,98,124,137,144
2000-06,0.0018559999999999998,0.02422,0.022364,-0.01895264697139582,0.03243079507738646,-0.0034946077268856518,0.007016444640725011,0.03125099047798678,0.008102942526938665,0.0453088913022358,0.03821893447683914,120,189,98,124,137,145
2000-07,0.0018559999999999998,0.045888,0.044032,0.022975811965993374,0.03869315106538372,0.05644690000610842,0.04941485195467897,0.08170554632896145,0.01359105223463163,0.03933010211459103,0.06571870804254605,141,189,122,131,172,149
2000-08,0.0018559999999999998,-0.005527,-0.007383,0.040227498620780885,-0.017569434091928116,0.03896244661514556,0.01811542083650376,0.0081220574751025,-0.01892289268262192,-0.01333830652653382,-0.023221371726435094,141,189,122,131,172,149
2000-09,0.0018559999999999998,-0.048266,-0.050122,0.03445876517329123,-0.031606008382061165,-0.005428846206973168,-0.016802788728125614,-0.048065978634308906,-0.04401383695336879,-0.06507135084575723,-0.06458872129015537,141,189,122,131,172,149
2000-10,0.0018559999999999998,0.025387,0.023531,0.0356314072250103,0.029644137961009075,0.03143184472630492,0.05226230723691953,0.06402686547925548,-0.0008687118234507526,0.015870964245282955,0.02582454334561683,141,189,122,131,172,149
2000-11,0.0018559999999999998,0.056832,0.054976000000000004,0.009212770689333329,0.010193623409445879,0.058854474493968315,0.07230584057866349,0.06396782134479305,0.04388207332716497,0.06445177772702786,0.05915597329523199,141,189,122,131,172,149
2000-12,0.0018559999999999998,-0.001768,-0.0036239999999999996,0.020451238749714544,-0.0002076508498083298,0.0059933591087194425,0.015718808720299852,0.004374767581780861,-0.020198412188976275,0.003926753712287153,-0.018995122361654352,141,189,122,131,172,149
2001-01,0.0018559999999999998,-0.008404,-0.01026,-0.006124946451666608,0.04123873830622794,-0.03162698872274457,-0.012524590403095975,9.805467748285745e-05,-0.03591896599150801,-0.004593186322570288,0.014833467220720445,141,189,122,131,172,149
2001-02,0.0018559999999999998,-0.058702,-0.060557999999999994,-0.010284114423195538,0.0337063003035496,-0.08439997028591371,-0.05686787453803599,-0.060048831671752304,-0.08308861769351274,-0.047348559832027716,-0.04002715570057495,141,189,122,131,172,149
2001-03,0.0018559999999999998,0.072475,0.070619,0.025701070561920072,0.0009882591517082068,0.08939343227531887,0.09303222464652806,0.09588358578781034,0.07007923834999588,0.06556118953298037,0.06556560314092084,141,189,122,131,172,149
2001-04,0.0018559999999999998,-0.005346,-0.007202,0.0315791475332534,-0.02915100014853336,0.035419931323312004,0.016318483311745704,-0.004385061264862769,-0.007204486873025256,-0.014478107774622814,-0.0257014945819172,141,189,122,131,172,149
2001-05,0.0018559999999999998,0.036492,0.034636,0.05908508712730329,-0.003418913382149877,0.08214011885789715,0.07296254793111735,0.0780250382186441,0.01530316890459407,0.027988851941607266,0.012580422779547374,138,188,122,131,172,149
2001-06,0.0018559999999999998,0.006404,0.004548,0.005181742455109296,0.015813958219593978,0.0023583463283055814,0.008917155753664838,-0.00031356384978022014,-0.020479854204274124,0.0020765926581367993,0.013819972412999636,140,189,122,131,172,149
2001-07,0.0018559999999999998,-0.132199,-0.134055,-0.0035631679328378685,-0.006936624517863865,-0.12957866289264888,-0.1325722888263669,-0.14028826338653164,-0.13008820602371474,-0.12840965071775934,-0.1332518545655597,177,212,118,127,195,187
2001-08,0.0018559999999999998,-0.036113,-0.037968999999999996,0.015595598704948945,-0.00845992106561741,-0.018956831601535253,-0.024361557821149876,-0.03245915475362308,-0.036738731762553094,-0.045669357786901836,-0.040156250741700095,177,212,118,127,195,187
2001-09,0.0018559999999999998,-0.04807,-0.049926,-0.024586845165139502,0.010758904707932462,-0.07712059314532058,-0.06563720014315862,-0.06935207241454974,-0.053039626961850134,-0.046019364969004245,-0.03929033827675604,178,212,118,127,195,187
2001-10,0.0018559999999999998,-0.04784,-0.049696,-0.01958774516357962,0.028471149883381563,-0.06991257673467922,-0.0717317661028028,-0.04676320223683147,-0.06107539057115915,-0.04128645371017176,-0.027282465302243774,179,212,118,127,195,187
2001-11,0.0018559999999999998,0.037023,0.035167000000000004,0.022265959243848672,0.0061519481205344895,0.05249641256300866,0.06401922134908018,0.05329991247261897,0.028344192406666392,0.03482888750837032,0.03984458873812506,178,212,118,127,195,187
2001-12,0.0018559999999999998,-0.061669,-0.063525,-0.013558449188360973,0.015668706685627684,-0.08780365454512906,-0.06672013807686754,-0.0703358917890086,-0.07085951929192759,-0.05633494887720205,-0.05698986867679267,179,212,118,127,195,187
2002-01,0.0018559999999999998,-0.100454,-0.10231,-0.037735119666242156,0.0011950144827775205,-0.14263806430526205,-0.12472691446180952,-0.1390157753263434,-0.09791246076829199,-0.09611821354474086,-0.09914472078165561,179,212,118,127,195,186
2002-02,0.0016350000000000002,0.026614,0.024978999999999998,0.014411362579592402,-0.002541620141542418,0.048365891071967794,0.03038047495766506,0.03495448648246301,0.0200134706245975,0.022111659217703715,0.028341634931017445,179,212,118,127,195,186
2002-03,0.0016350000000000002,0.06055,0.058915,0.02595361610571579,-0.004269301038763468,0.09161658146222876,0.0843279245720026,0.08326509260743185,0.0527548169797354,0.0760262295877751,0.052567703757005375,177,212,118,127,195,187
2002-04,0.0016350000000000002,0.042395,0.040760000000000005,0.027414717689207682,0.02556117984828111,0.0518925456108736,0.061416726595218636,0.07636920149316753,0.02469786012184447,0.03139289657367951,0.051343563936112765,177,212,118,126,195,187
2002-05,0.0016350000000000002,-0.086186,-0.087821,-0.0014019140361201249,-0.010878231508297337,-0.0797174977984131,-0.08151955885363234,-0.09243125216170109,-0.07435286132483308,-0.09171413540241329,-0.08339556997813978,169,212,116,126,194,185
2002-06,0.0016350000000000002,0.142664,0.14102900000000002,-0.0365883272663733,0.05097299450738069,0.08361151948936463,0.09705642343184168,0.12192726326236607,0.10418594702364636,0.14035804869363963,0.1678161922654063,170,212,116,125,194,185
2002-07,0.0016350000000000002,-0.043462,-0.045097,0.008758341051937797,-0.0162773082956695,-0.026586285380367846,-0.03812924049852111,-0.03060357599861549,-0.023889774391122096,-0.045277250277982274,-0.052427100364213455,206,236,108,124,204,222
2002-08,0.0016350000000000002,0.009449,0.007814000000000002,0.0023049936291090027,0.0008593000018071884,0.014064187593472412,0.011112551393252545,0.007724572446954092,0.005801792568160038,0.006324530259899269,0.013860007718292733,206,236,108,124,204,222
2002-09,0.0016350000000000002,-0.053471,-0.055105999999999995,-0.008525902372085364,-0.0049202721296447705,-0.06174172442379675,-0.05435898448953836,-0.06222685638196711,-0.046559092502940394,-0.050276260872046154,-0.055914504804059594,206,235,108,124,204,222
2002-10,0.0016350000000000002,-0.050734,-0.052369,-0.014649998731900392,-0.0002842173622193689,-0.057456334356904615,-0.06587013289027782,-0.05496523743321509,-0.036082553524427526,-0.059117069787713056,-0.039142085172555775,204,235,108,123,204,222
2002-11,0.0016350000000000002,-0.057008,-0.058643,-0.04053622006319694,0.008853855234773805,-0.0965344813704923,-0.08873737154892683,-0.08489614110739473,-0.04855202158009709,-0.057524660883478906,-0.04248265137364705,204,235,108,123,204,222
2002-12,0.0016350000000000002,-0.052641,-0.054276,0.0012965544974756493,-0.01653947244420398,-0.03482562543198898,-0.05301609140793002,-0.055230930169047315,-0.04462934163675182,-0.04502998707653999,-0.05730298178810145,204,235,108,124,204,222
2003-01,0.0016350000000000002,0.099691,0.098056,0.01331182911279176,0.01503567978236324,0.10568604974833361,0.10295024254384742,0.09421057611653405,0.06917049861503059,0.08302355064375265,0.11071733181155662,204,235,108,124,204,222
2003-02,0.0016350000000000002,0.008816,0.007180999999999999,0.009885053447013004,0.004278221213275394,0.016938330146722084,0.016513628979732537,0.02025495786732336,0.006816759773328866,0.005178422400131731,0.01205657447927838,202,236,108,124,204,222
2003-03,0.0016350000000000002,-0.006821,-0.008456,-0.026264148215865177,0.01465581778259673,-0.035887130371358045,-0.03179013395761008,-0.022326387672473146,-0.008914236221780916,-0.009133627776592459,0.006836656644527642,202,236,108,124,203,222
2003-04,0.0016350000000000002,-0.002774,-0.004409,-0.057091652767642595,0.04300462994030695,-0.0779836349640569,-0.05220758625503744,-0.038717083737063736,-0.015341232158511228,-0.01369359098982857,0.031401476495109513,201,236,108,124,202,222
2003-05,0.0016350000000000002,0.042473,0.040838,-0.010562943517670662,0.006299698436482815,0.030651962791850028,0.03449921905862177,0.04337668240813459,0.043401592974148355,0.0535388316066406,0.043276270230829424,196,235,107,124,201,218
2003-06,0.0016350000000000002,-0.061289,-0.06292400000000001,-0.006876108820769805,0.005817420934014175,-0.06527883550522823,-0.06730724077899017,-0.08035270353433256,-0.07427054578942198,-0.07047807167453025,-0.0475618358922893,197,235,107,123,201,220
2003-07,0.0016350000000000002,-0.010819,-0.012454,-0.03751845563854905,0.014694634980826633,-0.04469503978219036,-0.04292808955677251,-0.038638854353151925,-0.015021183807185555,-0.00699733369471136,0.008311900725429274,203,251,126,145,213,221
2003-08,0.0016350000000000002,-0.033627,-0.035261999999999995,0.01915543963058626,-0.010776363875402945,-0.007981154961165,-0.024074301616181754,-0.023557935485819158,-0.03371320406411973,-0.03967735560053351,-0.039689151290271465,202,251,126,145,213,221
2003-09,0.0016350000000000002,-0.042782,-0.044417,-0.007477213578705295,0.01048293852852903,-0.05789035085464092,-0.04851398542965221,-0.04504198129152968,-0.044403683668772974,-0.04832481699610778,-0.036286176174826164,199,251,126,145,213,221
2003-10,0.0016350000000000002,-0.022683,-0.024318,-0.06738875472080182,0.06248284105878518,-0.10271731370880015,-0.08451524047029495,-0.06693117468467709,-0.05823009638889359,-0.02471681501702684,0.030949446704553695,201,251,126,144,213,220
2003-11,0.0016350000000000002,0.025833,0.024197999999999997,-0.012055590052818964,0.0446549798889265,-0.006269681867435897,0.014497315798806384,0.028577572826645855,-0.0007606108725883502,0.020030493577878665,0.0537020942111829,201,251,126,144,213,220
2003-12,0.0016350000000000002,0.057192,0.055557,-0.08627772102909914,0.06774104809869586,-0.04957078020468549,-0.02313426306696027,-0.01627265273497531,0.006994745663833097,0.05368200702532864,0.10917871439151462,203,251,126,145,213,220
2004-01,0.0016350000000000002,0.063845,0.06221,0.03371993364733051,-0.0050713808549826545,0.09800542312188379,0.08728192439066967,0.09533845813118826,0.06211096906462318,0.06271986329177365,0.0546351723453534,203,251,126,145,213,220
2004-02,0.0016350000000000002,0.064924,0.063289,0.04460763163961332,-0.01040069340448005,0.11207102243512886,0.10092933739207977,0.09031520883797667,0.05773954200991989,0.05305916293831344,0.05869396879811197,203,251,126,143,213,220
2004-03,0.0016350000000000002,0.037788,0.036153000000000005,0.016998129189726464,0.02207925477662077,0.0466610567052522,0.05357822713609569,0.04659892826891404,0.006471823219605518,0.0386795401122918,0.050692461209185226,203,250,126,144,213,220
2004-04,0.0016350000000000002,-0.092837,-0.094472,0.0028836283202249152,0.03239297714789274,-0.10611694580152238,-0.09464999186648426,-0.09570818022892125,-0.14094161770389863,-0.07761995617298971,-0.08656442898071424,200,250,126,143,213,220
2004-05,0.0016350000000000002,-0.023122,-0.024757,0.012647118064058856,0.0014155868769273779,-0.015063266877229425,-0.006799957027852042,-0.013683388347122164,-0.027585894960973266,-0.01976747174618116,-0.026134599737225775,192,246,126,141,212,219
2004-06,0.0016350000000000002,-0.101779,-0.10341399999999999,-0.028807468261308672,0.016473872393424502,-0.13310049373728655,-0.13006488208945136,-0.13543291770599963,-0.11266939612060368,-0.1221172652631662,-0.07738922736504159,192,246,126,141,212,220
2004-07,0.0016350000000000002,-0.008297,-0.009932,-0.037137485333136454,0.0078513308570916,-0.047218354678274094,-0.03741464507220651,-0.024212855154216804,0.004788451088710197,0.0002925367271656557,-0.002514386721163891,188,237,178,174,246,184
2004-08,0.0016350000000000002,-0.037501,-0.039136,-0.013411963543749371,0.017150372352628618,-0.06210510280037602,-0.03918299852136582,-0.04073190833027116,-0.04586316842659151,-0.022985332402734242,-0.03293561819143914,188,237,178,174,245,184
2004-09,0.0016350000000000002,0.048605,0.046970000000000005,-0.0067065151234287634,0.004523637445991269,0.03716111683596989,0.04092606904986003,0.04501866594798886,0.045676936268497365,0.05068179888714677,0.04686666204846093,189,236,176,174,245,184
2004-10,0.0018559999999999998,-0.054967,-0.056823,-0.026415621489213746,-0.013945865424395534,-0.0792647271041282,-0.07694028210943722,-0.07845598583108433,-0.03754214296734983,-0.051629372520473914,-0.06624261508918475,189,236,176,174,245,184
2004-11,0.0018559999999999998,0.016995,0.015139,0.04284276610110577,-0.004363478677337461,0.0640509226531074,0.05597697219355657,0.04468571628982123,0.009487837440412372,0.006571388943731891,0.02012608644902361,189,237,178,174,245,183
2004-12,0.0018559999999999998,-0.061204,-0.06306,-0.026525250024902546,0.011552619468346764,-0.0834610311230277,-0.08462385110100754,-0.07854036927698968,-0.06636075270845715,-0.052512573100058496,-0.04817617561780167,189,237,178,174,246,184
2005-01,0.0018559999999999998,-0.060613,-0.062469,-0.014315447763895997,-0.007191446163330159,-0.057710361989020985,-0.07732003280141153,-0.0746857081181213,-0.05554608529923606,-0.05827004282083375,-0.05295363149679606,189,237,177,174,246,184
2005-02,0.0018559999999999998,0.096232,0.094376,0.01267363200569012,0.00643650047083269,0.10178272857867458,0.10668478153669467,0.10388067615602822,0.08166370372919593,0.10022482943162353,0.09243875709350767,188,237,177,174,246,184
2005-03,0.0018559999999999998,-0.096957,-0.098813,-0.03894030454768646,-0.010805450120688245,-0.13304980080414694,-0.1317395705382942,-0.12856191303841735,-0.08432586077416217,-0.08177986118236874,-0.11042464878126826,188,237,177,174,246,184
2005-04,0.0018559999999999998,-0.026668,-0.028524,-0.07042429110958448,0.0050825529881805345,-0.09777423476214031,-0.09498606080963365,-0.06696209072698862,-0.004743948464944326,-0.018314577981329894,-0.025390986523734952,188,237,177,174,246,184
2005-05,0.0018559999999999998,-0.079008,-0.08086399999999999,0.047261359813361964,0.0012084851441709205,-0.03020752124634968,-0.03009009710659722,-0.03934965929686825,-0.07644668524616575,-0.10009709493642992,-0.06488757690730534,182,232,174,174,245,184
2005-06,0.0018559999999999998,0.021338,0.019482,-0.02238095060361393,-0.012831394423430223,-0.006949781712822787,-0.005831826874634585,0.001969898323432078,0.02913027560628032,0.03265305921737117,-0.005452193276834989,183,232,174,174,246,184
2005-07,0.0018559999999999998,-0.002172,-0.0040279999999999995,-0.0922603968364158,-0.006919371442523352,-0.09314481253011068,-0.07694951279505101,-0.08573757979918102,0.0052458504122939965,0.03170356017629305,-0.016000125203682363,194,272,186,197,250,205
2005-08,0.0018559999999999998,0.08808,0.08622400000000001,0.10741038445529366,-0.014572209242059611,0.20043458936967717,0.18064552238085252,0.1616048128838843,0.06665527579347937,0.07745786167990065,0.07634063379515299,193,272,186,197,249,204
2005-09,0.0018559999999999998,-0.000958,-0.0028139999999999997,0.02503984921405049,-0.01222363287427573,0.030144014623244737,0.02886690979301056,0.007322283417585696,0.0032355340341344435,-0.013631873333686938,0.0016099994912420253,195,270,186,197,250,205
2005-10,0.0018559999999999998,-0.052819,-0.054674999999999994,-0.01138024575030449,-0.010993064386711146,-0.06671699333600319,-0.05530806831088979,-0.06899301015586203,-0.043239714951841486,-0.05068779269459511,-0.06294982690540493,194,269,186,196,249,203
2005-11,0.0018559999999999998,0.004075,0.0022189999999999996,0.020966760827603726,0.012030233669298148,0.02143197164306781,0.021237435970519417,0.017442737549788517,-0.022631035821407786,0.014424232891504548,0.0054186656104678,195,272,185,195,249,204
2005-12,0.0018559999999999998,0.059419,0.057563,-0.057463090179876095,0.015645162207923554,-0.004256449000616259,0.01217563896310113,0.017647173727221455,0.054294484535154494,0.07997996347101623,0.06368118622316389,193,269,185,196,246,203
2006-01,0.0018559999999999998,0.091074,0.089218,-0.016444798119827103,0.013176392468433107,0.0690870412879486,0.0870707274113452,0.08690112833251085,0.10211534829016501,0.07962389691865195,0.110654046182469,193,267,183,190,242,199
2006-02,0.0018559999999999998,0.038948,0.03709200000000001,-0.009607306377286157,0.013380968965565336,0.02875157210592745,0.018600473661751868,0.045299122601639555,0.034261013703282134,0.042736672659194515,0.044475401138700695,194,267,183,189,243,202
2006-03,0.0018559999999999998,0.008027,0.006170999999999999,-0.005556212444657079,0.009379154271648411,-0.005937005699033076,0.006328934271678191,0.016529849193042193,0.019062626579950382,-0.0008262917114637689,0.015354080231171931,190,265,185,191,237,201
2006-04,0.0018559999999999998,0.122823,0.120967,-0.04027869745306248,-0.012519530002508245,0.07248928976546097,0.07812760107393335,0.11979444047992255,0.1690587787488653,0.12547407690025172,0.09671456802938723,186,262,176,191,239,200
2006-05,0.0018559999999999998,0.18396,0.18210400000000002,0.11919627202270125,-0.0019082751103876583,0.3052129829257046,0.28635362293811445,0.2957182448943136,0.19093061203909664,0.14215662280121977,0.19660879984971233,180,254,176,194,239,191
2006-06,0.0018559999999999998,0.035588,0.033732000000000005,0.04411381510401602,0.011902793166151476,0.051446966334740434,0.09468283995236812,0.07755011726403871,0.035707711430556115,0.02222061997498231,0.03341014683356079,178,262,185,194,240,196
2006-07,0.0018559999999999998,-0.059138,-0.060994,0.05286902182983295,-0.004578313322789233,-0.006444934171727271,-0.02248883689483323,-0.01658845314862392,-0.07114241188889638,-0.06283135825820871,-0.07015551955757819,175,249,187,193,238,179
2006-08,0.002076,0.028511,0.026435,-0.005855524540544575,-0.014019409975189301,0.02826586693969029,0.044571991840717494,0.01570478221793866,0.03989167775642201,0.041803594335763125,0.024413942527795027,172,248,182,189,236,181
2006-09,0.002076,0.054292,0.052216,0.005493933263948141,-0.029214157658728597,0.0741934493533047,0.05680167333774932,0.0446736467990305,0.05658385174716446,0.0749277789670942,0.027675338983981453,172,251,184,191,241,180
2006-10,0.002076,0.034256,0.03218,-0.05075999144948789,0.02043674733991646,0.0035822693884208184,-0.008275056717824471,-0.0034445550088197064,0.005826606052437515,0.08458910082829182,0.05372692512951096,173,250,184,192,240,182
2006-11,0.002076,0.137328,0.135252,-0.14503429071043603,-0.010362445183286426,0.004389467733546485,0.014645205795211889,0.017592349478852246,0.17626595172902607,0.1531257637927452,0.14233817961714745,172,249,186,191,241,181
2006-12,0.002076,0.239696,0.23762,-0.1202773780371588,-0.014681729050676981,0.034598476015634136,0.03987494891921366,0.035764835529834366,0.1793892855983955,0.14282164099492167,0.14885946798284133,171,247,186,189,243,183
2007-01,0.002076,0.089414,0.087338,0.06819915219601597,-0.003974864313803006,0.27493005597922454,0.26374603796001417,0.23642553815069933,0.19412117438502177,0.15170703753092726,0.22467596358594102,164,250,184,187,240,183
2007-02,0.002076,0.054319,0.052243,0.13923620723762362,0.07669290594070148,0.21060082633700833,0.20573215925551605,0.2550362870315538,0.03751345392612756,0.06968339187209457,0.14646380511298507,166,246,184,191,239,182
2007-03,0.002296,0.113838,0.11154199999999999,0.11950456440081667,0.0006877834700440011,0.2431723314751885,0.21144011687506478,0.22714345979295972,0.09738359251600454,0.11107059128643706,0.11478803113832133,171,249,186,190,240,184
2007-04,0.002296,0.220096,0.21780000000000002,0.09138600780874384,0.084951735114356,0.3435307903589653,0.36338705585323505,0.38958884719023873,0.2169813849238026,0.2645404867311637,0.3408267983212412,170,250,186,190,241,183
2007-05,0.002515,0.080643,0.078128,-0.014962449904442995,-0.006697907156964056,0.13402921406642607,0.06203254341987145,0.10912641559415237,0.08700788227527824,0.16455277408487679,0.09851486643362385,159,246,183,189,237,181
2007-06,0.002515,-0.071092,-0.073607,-0.09349750484954097,-0.0714128458790639,-0.14925747286754223,-0.16134859167529603,-0.20314780242518404,-0.02665323775518918,-0.091019514708535,-0.11558859995567515,160,248,184,191,238,181
2007-07,0.002734,0.177391,0.174657,0.0795549707292737,0.05394458996864221,0.24384776008268857,0.2625077287248281,0.28978506667651577,0.16899395944490106,0.15753585106295204,0.23094583278835823,140,259,226,237,243,150
2007-08,0.002952,0.166266,0.163314,-0.045744916656512674,0.009662725724446986,0.09609372313329251,0.11560737541743564,0.12864049207729722,0.16756415916193151,0.15566933976881112,0.15434284166682075,139,260,227,235,241,150
2007-09,0.003169,0.062266,0.059097000000000004,-0.038079926738001105,0.06429048638827599,0.03317115417523766,0.04642078165856742,0.04169447038604168,0.008765419660214721,0.0979376905476727,0.12882307622596267,134,258,221,234,240,147
2007-10,0.003169,0.049497,0.046328,-0.14028930533960127,-0.09383526376508741,-0.1296177008434622,-0.09701128734856881,-0.13274700137886392,0.0964178533632886,0.05319744671610476,-0.08812337363148448,132,257,220,233,239,147
2007-11,0.003169,-0.155029,-0.158198,0.09191451410241994,0.005395270663519178,-0.027431421542261858,-0.05821618849987457,-0.04925310679279911,-0.14762497235402214,-0.14800654101172675,-0.11501274577644653,131,255,221,234,239,148
2007-12,0.003386,0.095806,0.09242,0.06364124137062482,0.03267688297795815,0.19506771951743265,0.2184551514911012,0.19866246041993824,0.10664453075971507,0.14621352074375674,0.1684035558131258,132,253,220,232,238,149
2008-01,0.003386,-0.155527,-0.158913,0.08336922790090512,-0.00406312580126085,-0.04677936326850956,-0.05725766395144665,-0.05408890460547555,-0.13058538889577231,-0.14624612747104687,-0.13140209916132803,132,256,220,234,241,149
2008-02,0.003386,0.002863,-0.000523,0.09123799552306879,0.033830594215226065,0.09983163746478987,0.13024378969813888,0.12750252855082173,0.006737140118379664,0.03039939156336452,0.04672743746279996,134,254,219,232,240,145
2008-03,0.003386,-0.20343,-0.206816,0.010436637735238119,-0.033687777211546505,-0.17672306167393928,-0.1857640950803836,-0.18128274502665884,-0.15087640619690137,-0.21051113152251982,-0.21369227726727485,132,253,219,233,237,147
2008-04,0.003386,0.051723,0.048337,-0.07954746252689852,-0.02865963245539537,-0.05637720185711369,-0.05835838126705898,-0.06812049985341632,0.03944963608954001,0.02246299933851467,-0.006126330824948093,134,255,216,234,236,146
2008-05,0.003386,-0.066545,-0.06993100000000001,0.04946563187201926,0.02770318935370182,-0.02227605022867931,-0.012723521293577643,-0.011783823124104859,-0.09826971147763403,-0.04355501890998068,-0.05335555987480484,133,256,220,233,239,147
2008-06,0.003386,-0.208084,-0.21147,-0.024438197078676394,-0.043129022257766075,-0.24053546104977422,-0.2527997432796146,-0.26403183113228945,-0.2003537094324336,-0.22058335092776507,-0.2631153838654505,135,257,224,236,240,150
2008-07,0.003386,0.021906,0.01852,0.09642643656636503,0.005166946861761584,0.11607606829036889,0.11894029230998167,0.10945493619253296,0.004497590873265632,0.029241779525898084,0.021452616694624723,164,289,232,246,259,178
2008-08,0.003386,-0.152243,-0.155629,-0.08695936694188519,0.051366688988928266,-0.24833788501646623,-0.21524356098856842,-0.21550002747253202,-0.1714693592471043,-0.14516017459162484,-0.10157383881318197,164,287,231,245,259,178
2008-09,0.003386,-0.046408,-0.049794,-0.0532595466620528,0.003232427614937139,-0.11618423964416857,-0.0998321014037612,-0.07920104011061609,-0.031930441478827176,-0.041059513911054904,-0.06244878578250539,164,288,232,246,258,177
2008-10,0.002952,-0.250632,-0.25358400000000003,-0.006460179974556862,0.0283699911741066,-0.26447240820078505,-0.25036085392408314,-0.24618530881096454,-0.24992647366710133,-0.28023796663635225,-0.21147359070870866,164,288,232,243,257,177
2008-11,0.002076,0.096748,0.094672,0.11587964838001344,-0.0030809349230596916,0.20177649437026016,0.22102299018199126,0.19570207666664538,0.08868592076055724,0.09357822670024653,0.08859846861805262,163,288,232,241,257,176
2008-12,0.0018559999999999998,-0.01688,-0.018736,0.09919776473760229,-0.04382277186756779,0.09896853377227845,0.0784044276668555,0.03492411407519026,-0.021528184153606956,-0.018638726353221377,-0.04512930819165436,162,289,232,245,259,177
2009-01,0.0018559999999999998,0.09677,0.094914,0.06446351854201982,-0.0012351434378965048,0.16218646547750973,0.14922519697056327,0.16585522516448775,0.07951562214468456,0.1309841342599032,0.07337657558191354,163,289,232,244,257,177
2009-02,0.0018559999999999998,0.053877,0.052021000000000005,0.038481965316344534,0.0047621945406306765,0.08374310148204837,0.0852982965002429,0.0932560290494292,0.045990482426898203,0.05485910471500997,0.046001943940778715,163,289,232,245,258,178
2009-03,0.0018559999999999998,0.151176,0.14932,0.09334560895299915,-0.02783208056016695,0.25373528229311154,0.22278501632385342,0.22192188389228582,0.13480306275353574,0.17264999286269012,0.11095230003402759,163,289,232,246,259,178
2009-04,0.0018559999999999998,0.048162,0.04630600000000001,0.0312911074164171,0.012179662728670104,0.049571723154862725,0.08515720237761819,0.08998978748564496,0.05181121967905485,0.043281690284206906,0.03575248080561283,162,289,232,246,259,177
2009-05,0.0018559999999999998,0.063254,0.06139800000000001,0.012329914560409827,-0.023182947105577556,0.08384128201382819,0.06064722393289203,0.08268091744083941,0.0944660844230621,0.046453040498372296,0.04926055478489577,161,289,232,244,259,175
2009-06,0.0018559999999999998,0.126087,0.12423100000000001,-0.07665164049923043,0.04518887325987739,0.08356180028409217,0.04949169136515896,0.06615253825145598,0.09792676114758836,0.1255204205508307,0.20571376969997932,160,289,232,244,259,177
2009-07,0.0018559999999999998,0.156729,0.154873,-0.01579543743315226,0.022517888866995073,0.14400632987307452,0.12906146309744781,0.14010196966505664,0.12817017353330323,0.15527558992642115,0.17711031147531128,218,324,214,235,279,240
2009-08,0.0018559999999999998,-0.212878,-0.214734,0.06653444241586853,-0.045781144697706,-0.131452656711935,-0.14961010171527506,-0.14972393797393316,-0.1683762402142841,-0.22034653508676683,-0.24166724834769795,219,322,214,235,278,240
2009-09,0.0018559999999999998,0.045577,0.043721,-0.025891269842739473,-0.0043328271787532735,0.01918200395391528,0.028913635114026694,0.03407494259596991,0.07429242429138311,0.034818135608925285,0.05073383129182193,219,323,214,235,277,240
2009-10,0.0018559999999999998,0.085384,0.083528,0.04247020621970267,0.00023381400717968626,0.11923160580873537,0.13277501239653944,0.12499459783393073,0.08271463421411336,0.0894566929627068,0.07741927020327737,219,323,213,235,280,240
2009-11,0.0018559999999999998,0.078559,0.07670300000000001,0.08136611030604295,-0.009901464833361726,0.15531090065193207,0.15361387944641036,0.1610455028791673,0.09676321230840787,0.05788305933652387,0.07122568041444918,219,323,212,235,279,240
2009-12,0.0018559999999999998,0.023694,0.021838,0.016851752173444753,0.027310304912226947,0.03450404365035782,0.03677349734863171,0.050981413457294324,0.009606541667748571,0.014347374582935076,0.04774978168526596,218,323,213,235,281,238
2010-01,0.0018559999999999998,-0.083116,-0.08497199999999999,0.07242763782877523,-0.02592901721654546,-0.010223339008614657,-0.02352412172871306,-0.015565420933337938,-0.06949684006200874,-0.08108616252460628,-0.11601279257037637,217,320,214,235,281,236
2010-02,0.0018559999999999998,0.027051,0.025195,0.05112251965020227,0.0033140586578405545,0.06749336111133805,0.07171800191964538,0.08017104079102465,0.025732928626695566,0.020598549982015643,0.01968336626269008,219,322,214,234,281,238
2010-03,0.0018559999999999998,0.021476,0.01962,0.02416067361480425,0.007283281441023304,0.03190182528389941,0.05225156879899159,0.03926014373984553,0.014421942430524708,0.014879387691173883,0.0216301868566252,216,322,214,234,279,238
2010-04,0.0018559999999999998,-0.076824,-0.07868,0.014240872517270728,-0.027904422812960822,-0.05611043788478219,-0.057317677428807404,-0.0716285496865165,-0.05650154283731309,-0.07448546305310476,-0.09679227666150042,217,321,214,233,279,237
2010-05,0.0018559999999999998,-0.088892,-0.090748,0.006207603803331005,-0.028935707161089647,-0.06424310874354348,-0.07428973312200202,-0.09540330552546002,-0.060340037036928106,-0.1051676671868796,-0.08705125457719087,213,320,211,233,278,237
2010-06,0.0018559999999999998,-0.074735,-0.07659099999999999,-0.02231007173431221,-0.013047520194528359,-0.08964312862777069,-0.09411010109639953,-0.10439456893198308,-0.07286808065508185,-0.06413782205820867,-0.08421168073992616,213,322,211,233,278,235
2010-07,0.0018559999999999998,0.116607,0.114751,0.03842552541439903,-0.015793716795035384,0.15400637760801203,0.17536968551109136,0.16677905469003956,0.13882379904288009,0.14759105415228405,0.0944636883707818,234,329,206,226,285,255
2010-08,0.0018559999999999998,0.023929,0.022073,0.06034521011511362,-0.0806219302958324,0.11984643997613993,0.107935055352858,0.0931951071082546,0.10397250665200396,0.06658848651168318,-0.030620021071775517,235,327,206,225,284,252
2010-09,0.0018559999999999998,0.0083,0.006444,-0.008039775686129697,-0.03856085899291336,0.022576876959764493,0.014594192714346428,0.007252401509270841,0.05757203942247392,0.015195961932156074,-0.00422520311285914,234,328,206,226,287,252
2010-10,0.0020599999999999998,0.120498,0.11843799999999999,-0.04731512635243583,0.008635525848548,0.0711993623179435,0.09229548262294254,0.08425761610197505,0.11691990317045665,0.15164523584619083,0.12113270108352109,233,327,205,226,286,253
2010-11,0.0020599999999999998,-0.039649,-0.041708999999999996,0.051871059703712,-0.03414328466640295,0.009698259319938595,0.01730725798254083,0.004588860378085331,-0.005195239443856555,-0.05045115215190552,-0.06837240983480919,234,326,204,226,286,254
2010-12,0.002263,-0.006102,-0.008365,-0.01411536173395572,0.015147341379954457,-0.0308284416527284,-0.02196152866771481,-0.021174329397041145,-0.017884816179559747,-0.016489152660719354,0.0027557543246619076,231,328,205,225,285,255
2011-01,0.002263,-0.026034,-0.028297000000000003,-0.004876998307840011,0.05217160224280361,-0.046981585903555174,-0.05023581964345189,-0.027591814389581023,-0.07501189524150643,-0.04510786750168825,0.009941537730126617,229,327,205,225,283,254
2011-02,0.0024660000000000003,0.054119,0.051653,0.05080630557286092,-0.03329615453451537,0.12062213991169811,0.11815707042770508,0.11023938633098579,0.0771895881460884,0.09843005914794785,0.02098003265776999,230,326,205,225,285,253
2011-03,0.0024660000000000003,-0.002672,-0.005138,0.013468666693719926,0.024286449178694318,-0.004265988171011603,0.010414740683644003,0.003203604741617147,-0.016928551037542993,-0.03829984619658413,0.024174754407216892,232,326,206,222,282,251
2011-04,0.0026690000000000004,-0.014351,-0.01702,-0.010957642113195293,0.016136227259483084,-0.028858994366483193,-0.03143690860346407,-0.02663147693777762,-0.02450458349612378,-0.03509022366615204,0.005540353594136817,232,324,205,223,282,251
2011-05,0.0026690000000000004,-0.062388,-0.065057,-0.013988500407436079,-0.004919050878022552,-0.07335141822038109,-0.0708600284039215,-0.07834346948440889,-0.05234533109614353,-0.07105270220209885,-0.05719138158816087,227,323,204,223,280,253
2011-06,0.0026690000000000004,0.027185,0.024516,0.011917643621969069,-0.018859492705323326,0.0456078126982626,0.04045748113447936,0.03640133498392182,0.041939168982718385,0.03134786768162567,0.013426661286412522,226,324,205,223,281,253
2011-07,0.0028710000000000003,-0.010227,-0.013098,0.02390632382117734,-0.05696476799997437,0.04329221566498356,0.02001409691885699,0.0011830159083870157,0.034850975814632826,-0.005111258357217909,-0.036969360428719365,250,399,226,275,301,300
2011-08,0.0028710000000000003,-0.044695,-0.047566,0.015600733283011137,-0.020230191081219505,-0.026576572221491207,-0.025480192286732622,-0.03382280401270228,-0.0228128116848265,-0.05384199462907858,-0.056026962056054445,248,399,226,274,300,300
2011-09,0.0028710000000000003,-0.091178,-0.094049,-0.016809619860188224,0.03303916922607961,-0.11869265681711919,-0.11778922195013634,-0.11804020895928766,-0.12590224978294676,-0.11771461917441266,-0.060476359188619065,247,397,226,274,299,299
2011-10,0.0028710000000000003,0.042253,0.039382,1.1497155261198932e-05,0.014527505252092454,0.032256949050537394,0.0399968450635033,0.031469220356785566,0.025638889906717248,0.02256800399367143,0.05548162910465398,247,396,226,273,300,298
2011-11,0.0028710000000000003,-0.052726,-0.055597,0.012375249191580465,-0.022941384222121844,-0.03282380016037575,-0.0363708561351056,-0.05002546245901518,-0.030237081377472833,-0.06719059742868802,-0.0589181875230771,246,394,226,274,300,296
2011-12,0.0028710000000000003,-0.078903,-0.081774,-0.08148925355397381,0.0750882076430454,-0.19417788267469802,-0.16561500422428904,-0.16236140692080006,-0.13637537226262633,-0.12329572816480591,-0.01801543273043349,248,395,225,274,298,299
2012-01,0.0028710000000000003,0.030396,0.027525,-0.02733969399243672,0.022959813518452048,0.007348386726482458,-0.015895586772975662,0.009202581960094257,0.004299024245158655,0.030010983597301602,0.04836445604845095,247,395,224,272,299,298
2012-02,0.0028710000000000003,0.07511,0.072239,0.050422533315907375,-0.038607319140955026,0.1395671769412551,0.13503714499401942,0.13186684552711853,0.11209088912693883,0.10053609612856669,0.04257658225916534,247,395,224,272,300,297
2012-03,0.0028710000000000003,-0.067882,-0.070753,0.006976665566021112,0.0043799056994699576,-0.06528449415696337,-0.06329798137985322,-0.06087376166089447,-0.06784795455197762,-0.07903940369469016,-0.06349887564910658,246,396,225,273,300,294
2012-04,0.0028710000000000003,0.059596,0.056725000000000005,0.015651750981813317,0.01907213262366947,0.05502527932298197,0.07561088733294183,0.11140160443750019,0.06730511618277997,0.0787043456496034,0.04907305631560069,246,395,224,274,298,294
2012-05,0.0028710000000000003,0.002257,-0.0006140000000000004,0.0019903020059831526,-0.028599001799725528,0.018364507502152294,0.01090933863503884,0.013921975326823412,0.03597498359887959,0.018030419672428084,-0.016780487825242583,246,396,224,274,299,294
2012-06,0.0026690000000000004,-0.049764,-0.052433,-0.013342047559913112,-0.0021994208329983445,-0.06466832712825976,-0.06705135328808505,-0.08047103777449552,-0.04728859000603144,-0.0889912644792772,-0.03588472102579237,247,396,224,275,300,295
2012-07,0.0024660000000000003,-0.057731,-0.060197,-0.043278283960381074,0.016893902531214436,-0.1103175805891547,-0.10006043522356592,-0.08431902450043652,-0.05339858048875546,-0.06585427642821366,-0.04560933151504476,284,424,256,295,346,322
2012-08,0.0024660000000000003,-0.024016,-0.026482,0.06519587258278745,-0.012507626432233566,0.0459929157079638,0.03319186196465001,0.02000937054910185,-0.030846677139514753,-0.035668407542012,-0.029878384845119933,281,422,255,293,346,322
2012-09,0.0024660000000000003,0.022779,0.020313,-0.024628877470855355,-0.018853817124361162,0.007690786629717418,0.01370790811406263,0.003838917915573586,0.046349817693993094,0.040280375218512,0.012494052159414598,282,423,254,294,345,322
2012-10,0.0024660000000000003,-0.009065,-0.011531,0.026793712866074,0.01463460518775975,0.013674790366745801,-0.0008086231102868841,0.016411152949672506,-0.026370696697641086,-0.0248952727894012,0.00016215109495171365,280,422,254,294,343,322
2012-11,0.0024660000000000003,-0.06243,-0.064896,-0.042493282872554425,0.058149754347311906,-0.12060237062223148,-0.12564722851517088,-0.10272808715415102,-0.11492904648607517,-0.09006496992828308,-0.016503821259531825,282,422,255,294,345,322
2012-12,0.0024660000000000003,0.15302,0.150554,0.0015930903636117433,0.0031757232301435068,0.15435291041561428,0.15676750595961883,0.1542415955973166,0.1348855580319793,0.18434886353917113,0.14134831931056402,280,420,255,294,344,322
2013-01,0.0024660000000000003,0.05343,0.050963999999999995,0.031352329656178526,0.006902955721058708,0.08430530955852558,0.07232122506083244,0.06768954720165414,0.03076867149213049,0.038300076069226745,0.06119034529111936,277,422,255,293,342,321
2013-02,0.0024660000000000003,0.002095,-0.00037100000000000024,0.03116154346352546,-0.0212069245409719,0.03413748642351943,0.03970590077941569,0.03249386006045344,0.027486162629051267,-0.0013494856664125526,-0.013284060089826544,276,422,255,290,344,322
2013-03,0.0024660000000000003,-0.051727,-0.054193000000000005,0.02343388643647516,-0.019405317283270607,-0.027280996893088275,-0.02778420230212585,-0.024751357865293033,-0.019581223024835833,-0.06961549672592451,-0.06092149661917229,279,422,255,289,343,321
2013-04,0.0024660000000000003,-0.024733,-0.027199,-0.015324237267088321,0.011271504074571899,-0.047081015591535665,-0.03783201687916532,-0.03796921017618107,-0.03150279046881941,-0.027335152641767474,-0.018071587735030207,276,419,255,289,344,322
2013-05,0.0024660000000000003,0.078611,0.076145,0.06064956645324908,-0.05402768364136923,0.1558382187123253,0.15940661050401797,0.11691206964822036,0.11334652003624933,0.09264437765095129,0.04421730181761581,277,418,255,290,346,320
2013-06,0.0024660000000000003,-0.135136,-0.137602,-0.03271356187940902,0.0060664297377164,-0.17421449469641215,-0.16628931297028238,-0.16080503666839988,-0.11819803556222593,-0.16549548901983607,-0.11947463411480538,273,416,252,287,342,318
2013-07,0.0024660000000000003,0.026806,0.02434,0.040620625365915874,-0.02078460757797192,0.067961521445993,0.08649280576703375,0.05512259478411817,0.035554894639234676,0.04533554511499692,0.006824606145165678,289,429,283,315,370,318
2013-08,0.0024660000000000003,0.055356,0.05289,0.04774323800756353,0.0072260997216685025,0.09470044844518007,0.09486796817609688,0.10741122277601002,0.04710986313921793,0.057788773983653466,0.048851288251724974,286,422,280,312,371,320
2013-09,0.0024660000000000003,0.042144,0.039678,-0.005586956485337795,0.004085001602894135,0.02898285083668475,0.045672159954758505,0.039573789043130504,0.0380824905273033,0.057245623236638024,0.035661555526645815,279,422,279,306,370,320
2013-10,0.0024660000000000003,-0.018887,-0.021353,0.015118770155078806,0.033592874395700655,-0.019827996002591896,-0.014353918423444446,-0.00935980231367066,-0.05490294325264544,-0.035809695802132606,0.0018146118498346302,276,427,278,310,366,320
2013-11,0.0024660000000000003,0.042243,0.039777,0.04130266321062661,-0.009593844747339882,0.08346795169798574,0.08422537226088012,0.08707474556441086,0.0479318352947085,0.057790892663084785,0.0251373519336036,280,422,278,313,364,319
2013-12,0.0024660000000000003,-0.04096,-0.043426000000000006,0.0049429150273579,0.003290292330751586,-0.0467116546084945,-0.03311028408084928,-0.024121710096019423,-0.03053497021647016,-0.04169309358352469,-0.046544330067442075,280,423,276,314,367,319
2014-01,0.0024660000000000003,-0.026771,-0.029237,0.051295278819287624,-0.019574164913996935,0.02085513476870291,0.032621880896592834,0.015979841479247046,-0.010163760452188577,-0.029828421870404926,-0.044436796990726585,277,423,278,312,369,317
2014-02,0.0024660000000000003,0.014056,0.01159,0.05018416066587327,0.012866139075335452,0.04803130558930307,0.05463719991211719,0.061930537541183585,-0.0008658395046614134,0.003945193855516458,0.010967206694128984,277,418,276,309,369,318
2014-03,0.0024660000000000003,-0.021038,-0.023504,0.010811756905584953,0.02792955577010729,-0.014077828135623723,-0.02914260566641389,-0.013574190594563598,-0.05318945832924189,-0.038206452454026735,0.002166015669912563,278,413,281,306,366,319
2014-04,0.0024660000000000003,-0.005646,-0.008112000000000001,-0.0058669969336743785,0.0007097835302086689,-0.010101126623330502,-0.012989944458613527,-0.015157526660734656,-0.0060861926167462815,-0.01495118880598448,0.0003897744810752095,270,412,275,307,364,317
2014-05,0.0024660000000000003,0.012741,0.010275,0.016200653862650245,-0.002454234977110949,0.028275934449004544,0.0333438750733814,0.017722627876703187,0.004529823293663759,0.016035992605731415,0.010174659911743222,263,407,272,299,362,313
2014-06,0.0024660000000000003,0.023773,0.021307,0.029303115547927607,0.0013841137215000396,0.04232437909752246,0.05000639339983911,0.05301910939591821,0.026354458254515656,0.012658121595861304,0.018427955399119983,266,400,275,299,364,312
2014-07,0.0024660000000000003,0.087524,0.08505800000000001,0.021100470925170187,0.030517856918851616,0.09314721706572278,0.09645605618949236,0.10639463218923649,0.050361798331570944,0.08418459729160968,0.09815009704576046,251,441,268,319,337,314
2014-08,0.0024660000000000003,0.019659,0.017193,0.041224837767519916,-0.030663746991344835,0.06873493296082395,0.05839211812418694,0.05689169880449857,0.04177137760812039,0.026285741197073224,-0.007712882218243909,243,433,264,317,332,313
2014-09,0.0024660000000000003,0.07982,0.077354,0.0952924268558181,-0.02239636326366176,0.18189472447888247,0.1620853507267043,0.1594189846175207,0.07304627598576002,0.0937462139500948,0.05072928931979831,241,429,264,318,328,314
2014-10,0.0024660000000000003,0.02205,0.019584,0.001333555804794287,0.03252614905778835,0.002210764151581654,0.017410898378269344,0.02607747113345935,-0.0031744710096465864,0.006861817134521656,0.03801112012405242,231,414,265,314,321,313
2014-11,0.002263,0.091405,0.089142,-0.018913864538178622,0.06437839365914416,0.05010997360931855,0.05693275307630897,0.06705268782372309,0.021295837835119277,0.07643125934976412,0.13310991093900307,231,405,265,315,325,309
2014-12,0.002263,0.147743,0.14548000000000003,-0.17452717042580573,0.16852401120125765,-0.05452799275988833,-0.06756501569597295,-0.00015537701458156499,0.005652190508654858,0.10735333813245612,0.28832759716586337,235,407,268,319,324,309
2015-01,0.002263,0.014281,0.012018000000000001,0.03652478958394275,-0.06845724304416301,0.060556770845650705,0.09228433866193962,0.05053786056287628,0.09646681641641901,0.027766544291351905,-0.030428759389132577,225,409,264,312,325,310
2015-02,0.002263,0.044295,0.042032,0.016029934582886936,-0.034654190956926435,0.0773440314133718,0.07123072113436045,0.06905155446606887,0.07428034776801497,0.08199171269566034,0.013264442801465031,220,405,258,305,322,306
2015-03,0.0020599999999999998,0.155954,0.153894,0.0770190877359323,-0.0377836207739827,0.22789810747480013,0.2554008707189857,0.22527145910480745,0.1897897961992802,0.17087417487020884,0.11684920302130744,226,408,262,307,324,309
2015-04,0.0020599999999999998,0.176538,0.174478,0.028697505588210465,0.03167811750310151,0.19278196787032226,0.17956549644509376,0.19233724710600505,0.1316685487299118,0.15145414142644584,0.195469504500432,224,405,262,309,326,310
2015-05,0.0018559999999999998,0.093763,0.091907,0.18910703992690414,-0.17080345611018458,0.316295021843922,0.3595247644791594,0.22813552295019157,0.2269675245540509,0.13614655371109735,-0.02647988877258782,226,407,251,309,322,309
2015-06,0.001652,-0.079378,-0.08103,-0.003371343885641309,0.08170395173818507,-0.10592783932735904,-0.09461285163149326,-0.0676151485485347,-0.14163745492006766,-0.09986211070787358,-0.016542242222521854,214,407,246,300,317,305
2015-07,0.001652,-0.150651,-0.152303,-0.06348451045157974,0.0013853451411149076,-0.20075919451856564,-0.21582292239145398,-0.21714036564958147,-0.14806402436966073,-0.16629276387878603,-0.1289121629564151,269,374,256,266,326,280
2015-08,0.001447,-0.141746,-0.14319300000000001,0.01753355625259745,0.025276672072278628,-0.13665333752666428,-0.11627937311935381,-0.12455556209552486,-0.16129184933952934,-0.14596081153369445,-0.12283628062611154,256,354,247,252,321,279
2015-09,0.001447,-0.058289,-0.059736,0.010574678488494936,-0.0054253899049103715,-0.04196930493885671,-0.03795039887607613,-0.055115978370468506,-0.04983081998213738,-0.06939397130840246,-0.04753492636034632,247,350,240,244,320,272
2015-10,0.001241,0.140422,0.139181,0.09277759160999294,-0.08245562822978514,0.2730001993974961,0.23731128014508096,0.20404430422874353,0.1810624986867117,0.16985337285873608,0.08510713739589398,241,352,236,251,319,273
2015-11,0.001241,0.040057,0.038816,0.08765729616357562,-0.022469823901308764,0.12033139618880358,0.10544857631166597,0.11150126430667298,0.04370097592631809,0.023016912384266383,0.007591460005831169,246,354,243,260,326,278
2015-12,0.001241,0.039811,0.03857,0.06779053884486688,-0.0304065470390536,0.1268123787414102,0.09200683780911433,0.0915172111129922,0.046772976374163645,0.038936784830278015,0.021255049924474426,254,363,247,267,339,283
2016-01,0.001241,-0.251173,-0.25241399999999997,-0.05352026976824978,0.05737292296021024,-0.3103468755796613,-0.30171514866366445,-0.2931036931131964,-0.28489214933093676,-0.2723232728438549,-0.1873894858769812,255,367,247,265,340,283
2016-02,0.001241,-0.019743,-0.020984,0.008321830079714439,0.014789125928030711,-0.021340162866056674,-0.005422389847129056,-0.00708163464984015,-0.03003210150058824,-0.01406519824083762,-0.014712377860743338,251,364,253,261,337,283
2016-03,0.001241,0.139083,0.13784200000000002,0.053672170841401495,-0.04775028741879536,0.20037526002399036,0.19766802672113623,0.18229447794831066,0.16613652398605783,0.16446799695902828,0.08871673122414679,253,363,256,265,338,282
2016-04,0.001241,-0.02135,-0.022591,0.033021800239593405,0.008875365922376062,0.005320244110939059,0.006474163832362842,-0.002857578388694521,-0.03915534752322215,-0.037746430462114226,-0.013226793178836448,246,365,255,262,340,284
2016-05,0.001241,-0.006904,-0.008145,-0.02571052185821194,-0.007348640296468416,-0.02515806394134792,-0.019653165317352422,-0.03482148454677341,0.0023382887737549395,-0.002143865790836474,-0.0026955712137564022,238,363,247,263,340,284
2016-06,0.001241,0.024999,0.023758,0.03767728961328497,-0.029508064087270677,0.06174535597932833,0.06763180241014748,0.04579442379862508,0.03989831815475451,0.02540827303257504,-0.0031668778390835824,242,354,249,264,342,286
2016-07,0.001241,0.015653,0.014412000000000001,-0.009860814366172475,0.03892840106646744,-0.011867140648254688,0.0023338544888211097,0.017415859142460258,-0.011456052219340263,0.0118033181780047,0.03711775012287966,307,408,269,283,380,326
2016-08,0.001241,0.040843,0.039602,0.025499324140432038,0.013513524553132969,0.055951471406272824,0.050993607532344096,0.06534598074623157,0.021931274531191643,0.03429799843486189,0.03956381429749884,305,407,262,278,376,326
2016-09,0.001241,-0.021779,-0.02302,0.03161897298869669,0.007220756748688755,0.0003025146780691537,0.002429876816439223,0.012949928590267591,-0.02677904923209931,-0.027410600002294533,-0.02498494964692024,302,400,259,277,376,323
2016-10,0.001241,0.03146,0.030219000000000003,0.02427306683000655,0.005058752190997835,0.04962229045648993,0.04539104575103564,0.050963596342518236,0.020358851924560654,0.023663829714935504,0.029135050420528007,297,392,260,276,371,322
2016-11,0.001241,0.041749,0.040508,-0.0017111602563793238,0.029445039179467,0.02444073316951306,0.032171972780646346,0.028293442607209604,0.010159543851529515,0.014683172702210494,0.06519691277276697,298,400,261,280,369,319
2016-12,0.001241,-0.049932,-0.051172999999999996,0.027667732992944716,0.020987393082195497,-0.027818300191286734,-0.04038334005438943,-0.006406916414680359,-0.06586742205881824,-0.04644031390933881,-0.04530401967103361,300,398,264,272,369,319
2017-01,0.001241,0.005073,0.0038320000000000003,-0.023903192483836502,0.045333458271345176,-0.030315600516290214,-0.02571288092213774,-0.0011157156211986608,-0.02004913544916991,-0.00680338035737609,0.041417896198428894,300,400,264,264,369,320
2017-02,0.001241,0.035021,0.03378,0.010671414150220618,-0.0026616572492609847,0.039013755054814386,0.03902396869193257,0.05140191018360756,0.032982725769344065,0.049171409568319675,0.015271256142028925,298,394,262,261,371,316
2017-03,0.001241,-0.006273,-0.007514,-0.018130288055804973,0.005528792510720431,-0.027758710436829273,-0.02766412227594686,-0.013365384355461238,-0.0026058050886481085,-0.005850001663599066,-0.005941546148575282,298,397,263,261,370,320
2017-04,0.001241,-0.026808,-0.028048999999999998,-0.04571864797941062,0.034044266855584635,-0.08668207752927827,-0.06386856093743863,-0.050817371781878,-0.03537151951676541,-0.025692855240601224,-0.003147691552996417,296,402,261,265,370,318
2017-05,0.001241,-0.025176,-0.026417,-0.0659651645509224,0.044959799269935125,-0.09685806884999075,-0.08653604694234016,-0.07717921949328582,-0.05107124127491829,-0.03077610826617827,0.019169507908247035,294,399,258,261,371,319
2017-06,0.001241,0.041445,0.040204000000000004,-0.00892050676814201,-0.004354692918035807,0.02936709422763235,0.03857837445280372,0.0628450859528251,0.07241402413652487,0.054911404225901836,0.0302266465752605,291,398,259,258,369,317
2017-07,0.001241,0.024786,0.023545,-0.0031173797232665577,0.07041184085377226,-0.016698246407160718,0.0024824291126682276,0.0551494834431868,-0.017276582098664377,0.015863017658625727,0.051699369758532635,415,445,221,232,419,431
2017-08,0.001241,0.027779,0.026538000000000003,-0.0027801689170417303,-0.014060233729276703,0.02741658066789999,0.03111412323735154,0.014413992705134356,0.03433256912820625,0.027737944600886348,0.01921468963241848,402,439,221,224,414,429
2017-09,0.001241,0.005449,0.004208,-0.007085980619001545,-0.02371652657687283,0.00805181009972311,0.02079632661478107,0.0002837067965174522,0.03477494007992028,0.020504855058725697,-0.004890009770619715,403,440,221,228,415,432
2017-10,0.001241,0.014238,0.012997000000000002,-0.0575256146124756,-0.018506066023295444,-0.02525700000922088,-0.032628123075062195,-0.02969979068594745,0.049224029760588775,0.01911321191588307,0.016654688390724454,399,443,221,224,413,429
2017-11,0.001241,-0.030507,-0.031748,-0.026157157015989918,0.037087845579400334,-0.08413557450233432,-0.03307814945340632,-0.058388999806102314,-0.05175824594157104,-0.04204387729329979,-0.003329129479002373,398,446,220,224,411,426
2017-12,0.001241,-0.001555,-0.002796,-0.03413131930461338,-0.014592409244745424,-0.025451899517757073,-0.018194634768767304,-0.028047703733643053,0.023993147595731627,0.009302438975814344,-0.0025958666778732437,398,440,219,226,410,420
2018-01,0.001241,0.034633,0.033392,-0.0538390258402926,0.06758583480983817,-0.044433089596742255,-0.032210960217553035,-0.009241965749736923,-0.017056710396684095,0.009763936977542754,0.0829238353759869,401,439,218,229,406,421
2018-02,0.001241,-0.056626,-0.057867,-0.019349748434593986,-0.02072453446392468,-0.07300354609928499,-0.050089679291568295,-0.05562487306261826,-0.014738427032758397,-0.03236425711965671,-0.07356616899727447,397,436,214,225,404,417
2018-03,0.001241,-0.017988,-0.019229,0.039689537762366965,-0.06559453727636474,0.06024249550507657,0.0315003194147214,0.0024078426830982888,0.026777823737359586,-0.005119181428172594,-0.04657659799339163,388,432,215,221,400,418
2018-04,0.001241,-0.03411,-0.035351,-0.014640682146213523,0.006366149909629651,-0.05303255016622712,-0.04543094396837801,-0.042855279043115105,-0.029636397220343155,-0.04067896099454065,-0.02708136852419586,392,429,219,219,400,419
2018-05,0.001241,0.004611,0.0033699999999999997,-0.030202389174045188,-0.021459897506967994,-0.014457124920380432,-0.003474225231043443,-0.015517464780052023,0.03466572275514657,0.029686362234630913,-0.007193732399117823,402,437,220,224,401,418
2018-06,0.001241,-0.082552,-0.083793,-0.04540130750488068,0.019933343918775395,-0.1333218218555406,-0.12590678835257135,-0.0984742527341492,-0.07156421425753776,-0.08338963062870301,-0.06654509554137836,403,441,220,223,404,415
2018-07,0.001241,0.008606,0.007365000000000001,0.0060243047365797645,0.04741854444117211,-0.005624243281672206,0.018811804298098655,0.020700848562028928,-0.029242889227024067,0.005789276784121131,0.03926910781161902,412,529,305,328,458,446
2018-08,0.001241,-0.061423,-0.062664,-0.010195821548852624,0.04909721326521812,-0.08699562642786346,-0.08102525596028856,-0.05621693502929401,-0.09573576710755187,-0.06959455368765118,-0.028320031975685098,413,528,305,329,465,447
2018-09,0.001241,0.024109,0.022868,-0.030028364776544962,0.03216461873806324,-0.022231019011105507,-0.006686590368667182,0.005637136942732615,0.01305594079242102,0.004231658785464412,0.04951702231470938,415,530,305,330,468,446
2018-10,0.001241,-0.087178,-0.08841900000000001,0.013884426531259972,0.046036940057569434,-0.080458608375344,-0.09030144037844237,-0.09074027644394904,-0.15232054937350906,-0.10086805422824109,-0.049965001189765136,418,530,305,329,470,447
2018-11,0.001241,0.005322,0.004081,0.05551781891091712,-0.030672003660611485,0.06810245568851145,0.07392903246277568,0.0661946738379627,0.03833203005341884,0.024444870620335,-0.02110419541725538,418,533,305,335,472,449
2018-12,0.001241,-0.04168,-0.042921,-0.0018947052267270226,-0.007995676651074757,-0.03168989671365238,-0.04246743904346612,-0.04512445429345751,-0.0387367838725278,-0.03356731090299495,-0.04129357959487219,418,534,305,336,471,449
2019-01,0.001241,0.030716,0.029475,-0.060499153854230894,0.026308030722941494,-0.05399061623464163,-0.0118342630992611,0.0009345911848218867,0.05130684772324456,0.01630262394070327,0.04899770174966403,418,534,305,336,472,448
2019-02,0.001241,0.158988,0.157747,0.06403966913610992,-0.03886628059688885,0.22568848691579163,0.2289630516582446,0.20204528108234976,0.16921465908165423,0.18023784944508367,0.11512530372131842,418,534,305,336,472,448
2019-03,0.001241,0.066128,0.064887,0.044483906790239114,-0.03813598843997107,0.1240359638339905,0.10307047359328439,0.12372889189401172,0.10414705959168712,0.08505439470715842,0.02818215465172376,418,534,305,336,472,448
2019-04,0.001241,-0.012362,-0.013603,-0.026770948297786687,0.00971992822566595,-0.04802106371251782,-0.023278913327084837,-0.033788589488673866,-0.0013820881367357387,-0.027218927588932934,0.003825294090752211,418,534,305,336,471,448
2019-05,0.001241,-0.059906,-0.061147,0.01579426847857198,-0.005019030874108557,-0.045097161468817426,-0.04103784876968615,-0.04654806215333269,-0.05546531797200335,-0.060548080819843655,-0.0640524790357052,418,534,305,336,471,448
2019-06,0.001241,0.031819,0.030578,-0.047146576546479815,-0.010812863329065302,-0.0018161975922651671,-0.011044949722980238,-0.007902855232572401,0.056524459561473964,0.023165876986497084,0.04098539054365059,418,534,305,335,471,448
2019-07,0.001241,-0.002734,-0.003974999999999999,-0.02526448810583463,-0.007255320573671668,-0.02463169202996933,-0.02040868846477666,-0.025844942323638993,0.00781917416298293,0.0025671840268267263,-0.005478216690690744,468,589,339,370,528,498
2019-08,0.001241,-0.010224,-0.011465,-0.019031454958837193,-0.06389188838259473,-0.006601684752104788,-0.020689966958530436,-0.03134955527172187,0.05923062193197687,-0.01697217972422688,-0.04380528431359551,468,589,339,369,528,498
2019-09,0.001241,0.006312,0.005071,0.010480107357409348,-0.007922440079163654,0.0320986784054667,0.010709176795473589,0.0022126788984170452,-0.001084638999088092,0.001708370676583126,0.012956480349634257,468,589,339,369,528,498
2019-10,0.001241,0.010164,0.008923,-0.022884072385590037,-0.001267129748125444,-0.014337646937544647,-0.002891574168820384,-0.007750298894820706,0.02059984517929872,0.01159461433596177,0.011478237640323892,468,589,339,369,528,498
2019-11,0.001241,-0.017493,-0.018734,-0.008333649734680214,0.005927504220876324,-0.02863130780350753,-0.024417315606308995,-0.018169747659068945,-0.018589954752950142,-0.010430960656258603,-0.017196506455636078,467,589,339,369,528,498
2019-12,0.001241,0.067904,0.066663,0.010392181772543821,0.0007619737539725085,0.07840391389036772,0.08118098161739351,0.07877355508429984,0.05955057874642084,0.08692644146757504,0.06070488506043373,466,589,339,369,528,498
2020-01,0.001241,-0.014512,-0.015753,0.0172531281707609,-0.030386470512945737,0.005432459884638531,0.010196017054831816,0.0019141795785963117,0.017292782014615912,-0.011547631303598616,-0.03996187870523334,465,589,339,369,528,497
2020-02,0.001241,-0.016548,-0.017789,0.007819151783676058,-0.03693635306163494,0.007924906241172982,-0.007633967048951997,-0.01674264792837733,0.00842433981792453,-0.007552691769314013,-0.040780812135795035,463,589,339,369,528,497
2020-03,0.001241,-0.053996,-0.055237,0.023732817742674724,0.011178769273542867,-0.04381639271989947,-0.036147532564720405,-0.021496542018102565,-0.05120649356408669,-0.07028362124786204,-0.051168805718797866,463,589,339,369,528,497
2020-04,0.001241,0.044639,0.043398,-0.03688391320696026,-0.03437786086649255,0.0188214905837574,0.01867146988378251,0.01068761739294088,0.08572218409869713,0.04800979782613586,0.025100335556528554,462,589,339,369,527,497
2020-05,0.001241,0.003753,0.002512,0.02820798385330912,-0.030564635027555798,0.032314608407533654,0.028646984627400715,0.0263993616168637,0.032852243821139146,-0.007753461285965945,-0.022361779443302497,462,589,338,368,526,496
2020-06,0.001241,0.068492,0.06725099999999999,-0.01445781860760905,-0.060175130817504356,0.06893810024491352,0.06421956446117533,0.045312550297766103,0.12777144247724978,0.06302549756004386,0.031046730789388473,462,589,339,368,527,496
2020-07,0.001241,0.128972,0.127731,-0.007953403865274905,-0.009219521766565722,0.10039657003147502,0.13662632668458963,0.1402809217266526,0.1451514658872279,0.1691844934923951,0.0868280706589189,410,626,383,441,512,469
2020-08,0.001241,0.025965,0.024724,-0.00302951344534284,-0.0056529899295820404,0.01784075182326176,0.036450224148700146,0.019761082177175177,0.03104861723157393,0.034269674235095235,0.01782230701849644,410,625,383,441,512,468
2020-09,0.001241,-0.05942,-0.060661,-0.026177490708534777,0.019918151436431948,-0.08667034358963266,-0.08752244351542474,-0.07381775926834457,-0.06706722414563383,-0.06232734450810577,-0.040083505594058016,409,624,382,441,512,469
2020-10,0.001241,0.006929,0.005688,-0.018108032685339552,-0.001601953544466995,-0.006952708684125344,-0.02156583300704611,-0.0032882883675253993,0.014078544909795456,0.0012285055832648231,0.007210217504261521,409,624,382,441,512,469
2020-11,0.001241,0.049162,0.047921,-0.00427437112089718,0.05524764192442475,0.0218125177559473,0.050597353920865486,0.06721927685251076,0.016967976299995153,0.05342778453973876,0.08205650105228118,409,624,382,441,512,469
2020-12,0.001241,0.022248,0.021007,-0.05741730327704095,-0.03921130746337095,-0.05817701421737812,-0.039792081373652706,-0.004872689272431531,0.09978192948410484,0.0015732058711392842,-0.03194501038758364,409,624,382,441,512,469
2021-01,0.001241,3.5e-05,-0.0012059999999999998,-0.08492361095216495,-0.04404739890393504,-0.05436867520022916,-0.08694417686689777,-0.09537201899232585,0.03218263903262756,0.0008121377475603514,-0.014908814983145837,409,624,382,441,512,469
2021-02,0.001241,0.006262,0.005021,0.037846715150550415,0.04992902514102947,0.026783626862593436,0.05397687741015861,0.05483538120579306,-0.030626132935736718,0.01150170995950798,0.0411801630031226,409,624,382,441,512,468
2021-03,0.001241,-0.021829,-0.02307,0.06998933919743916,0.04351784333200703,0.04335515712527831,0.033890212772835084,0.05278638974764615,-0.061847153757224105,-0.03384640447375591,0.0157573002844221,409,623,381,441,512,468
2021-04,0.001241,0.006467,0.005226,0.0036934638183465495,-0.02196605174288507,0.008759277732828637,0.006098355388564581,0.015942706882870337,0.03189926859612031,0.0070369439927951295,-0.019216264039691535,408,623,381,441,512,468
2021-05,0.001241,0.04652,0.045279,0.030174459999675836,0.006484285092252434,0.06473867770920001,0.06646301410073699,0.08638949951431364,0.04914399348606911,0.037462075973693706,0.04046174186546036,407,623,381,441,511,468
2021-06,0.001241,-0.002459,-0.0036999999999999997,0.025108456528654392,-0.01592321915547307,0.034514241025921516,0.018450801365644025,0.010325145506761195,-0.003559171425795008,0.0027405039557393974,-0.011216514217580825,409,623,382,441,511,468
2021-07,0.001241,-0.048763,-0.050004,0.027248994202967624,-0.006744233330673234,-0.01617140413772253,-0.007942542182971848,-0.03323278510267767,-0.05766438853536858,-0.02733785126514645,-0.0540914742317599,363,705,413,526,479,475
2021-08,0.001241,0.050993,0.049752,0.02744214341676112,0.05970966506412833,0.06777012191813366,0.0866406595271887,0.09923148646549923,-0.001369776717732247,0.08609742551511164,0.08658818886315883,363,705,413,526,479,475
2021-09,0.001241,0.002338,0.0010969999999999999,-0.01469013468529886,0.03786768080099574,-0.03219688160232646,-0.013752446384932204,0.006321153265247148,-0.0045931814142765835,-0.023588734571979648,0.03262414532014129,363,705,413,526,479,475
2021-10,0.001241,-0.006349,-0.0075899999999999995,-0.016392571506919966,-0.07069799025665781,0.010204642031388135,-0.020935095151163405,-0.062092862068264955,0.028923067132562586,-0.012393258518742989,-0.04017540928109993,363,705,412,526,479,474
2021-11,0.001241,0.010788,0.009547,0.10199956437892524,-0.042581409669042905,0.11637654338173789,0.12581962199595542,0.07432669049013012,0.016122993595563944,0.0213911419863979,-0.02698997285091411,363,705,412,526,479,474
2021-12,0.001241,0.026868,0.025627,0.023049504179529178,0.04623348787247352,0.019208862102461817,0.04732393857496256,0.08175515579581587,0.011640041561664824,0.02593867875973004,0.041560723613257806,363,705,412,526,479,474
2022-01,0.001241,-0.080447,-0.08168800000000001,-0.004341161073512428,0.058621697751311236,-0.09428647043822488,-0.08961656940262151,-0.0626081525740519,-0.11243208989134407,-0.09418860705012239,-0.026867012252894576,363,705,411,526,479,474
2022-02,0.001241,0.030352,0.029111,0.026213527235370977,0.012627138068446571,0.049687293290025074,0.058438687189303534,0.05866576971001204,0.01854024338637124,0.03479488199357909,0.034816043103277405,363,705,411,526,479,474
2022-03,0.001241,-0.067812,-0.069053,0.05415552156961788,0.09269550453356774,-0.05801698100544716,-0.022612201614911516,0.028714831396895513,-0.11453472407476309,-0.08397066444758346,-0.01587552740997027,363,705,411,526,479,474
2022-04,0.001241,-0.068775,-0.07001600000000001,-0.09563443950699227,0.023749324396464988,-0.17398016290583335,-0.16944784526762904,-0.13896139213539943,-0.051926022875453844,-0.10411391405947341,-0.03944614485295778,363,704,411,526,479,474
2022-05,0.001241,0.052139,0.050898,0.08111034623527952,-0.05211140602450977,0.1647011875976538,0.12150447373931371,0.10476894609432565,0.0592017580389287,0.07353062319328853,0.014911187493237289,356,700,406,525,479,473
2022-06,0.001241,0.078323,0.077082,-0.025452701863965026,-0.06693557615737655,0.0658215591302161,0.06947552301545054,0.033055762647216456,0.13063022355001996,0.08455585911649172,0.02952486771826651,362,703,410,525,478,473
2022-07,0.001241,-0.030003,-0.031243999999999997,0.07339484982538615,0.00016181872898256983,0.03704213508428618,0.05981505172146113,0.026614622592715617,-0.04920421642526739,-0.009055457176696435,-0.03845306647573169,372,723,432,542,513,492
2022-08,0.001241,-0.017846,-0.019087,-0.005729504556895713,0.03217085200603236,-0.032699519401404406,-0.023203619652456518,-0.014848063509161685,-0.0386267123542432,-0.022799512303671086,0.007863535765578808,371,721,432,542,513,492
2022-09,0.0013650000000000001,-0.060745,-0.06211,-0.02147817193935256,0.02805499470830588,-0.09093871301089275,-0.08976714880346788,-0.07132460174805288,-0.06818793761642264,-0.08771595066528241,-0.03169205946265076,371,721,432,542,513,492
2022-10,0.0013650000000000001,-0.046476,-0.047841,0.07544943761066898,-0.02015092532609066,0.041799654824220545,0.051635372055425545,-0.008505677254250318,-0.07074907945825741,-0.009924285716385898,-0.06074559803196787,371,721,432,542,513,492
2022-11,0.0013650000000000001,0.09664,0.095275,0.002886823145133971,0.04939897580000706,0.08433619069126126,0.0791021289408944,0.13073185330344197,0.07424855778208557,0.0846102989481911,0.126650846769919,371,721,432,542,513,492
2022-12,0.0013650000000000001,-0.018204,-0.019569000000000003,-0.014845875026602878,-0.02015307386432018,-0.03134765828971184,-0.03399384447095164,-0.03577241346734027,0.007795081736552247,-0.036285062070287664,-0.02808631081445969,371,721,432,542,513,492
2023-01,0.0013650000000000001,0.061284,0.059919,-0.0011980975589789208,-0.02936178664247885,0.06628122520753046,0.07506157647888911,0.042597056159534685,0.07623945523633488,0.07009464428718318,0.041200050999372954,371,721,432,542,513,492
2023-02,0.0013650000000000001,0.007607,0.006242,0.02111209094431614,0.01786269768968147,0.018174435689687934,0.036964820210357865,0.034999584953810045,-0.010583464263653104,0.029069250432972805,0.008316781851587721,371,721,432,542,513,492
2023-03,0.0013650000000000001,-0.008926,-0.010291,-0.027662678469752667,0.009242886118728793,-0.03245854647257632,-0.02569879492932657,-0.037283051407252105,-0.02059127809918295,0.005419921626335526,0.0027189990729504163,371,721,432,541,513,492
2023-04,0.0013650000000000001,0.001296,-6.900000000000005e-05,-0.03585654083915632,0.09041796129886878,-0.05801249081993175,-0.03815246338482688,-0.003198540602940149,-0.05522331839693989,-0.007369207877096013,0.07079865398380607,371,721,432,541,513,492
2023-05,0.0013650000000000001,-0.035115,-0.03648,0.04032745449562111,0.006827680860620501,-0.0003331336648511575,0.014706027396082021,-0.009057338758589484,-0.0553681150146072,-0.0273101452999869,-0.03298854819962787,366,719,432,541,513,492
2023-06,0.0013650000000000001,0.016829,0.015464,0.015081638712740795,-0.021713080567200185,0.03518467519333776,0.04022928258549773,0.025346555680088218,0.029794156786303636,0.029515325369244883,-0.0037938848348471896,365,721,431,541,513,490
2023-07,0.0013650000000000001,0.042267,0.040902,-0.001004481994660418,0.03448106613917807,0.03011651224577086,0.015739382293233652,0.06856033151377644,0.03310525047179037,0.020700858082830908,0.06362356348214092,450,712,390,483,534,543
2023-08,0.0013650000000000001,-0.056147,-0.057512,0.00819080570176646,0.004901975602601534,-0.05222361617021115,-0.04381893889342121,-0.05347117126522242,-0.06508947495303895,-0.05495869982829061,-0.05403796865282462,448,710,389,483,534,543
2023-09,0.001283,-0.004439,-0.0057220000000000005,0.011315607867621062,0.019296669719876765,-0.0019904502452804057,0.016179666238461555,-0.000777809651644019,-0.027702688206230033,-0.002510739694983137,0.009678010639887111,448,710,388,483,534,543
2023-10,0.001283,-0.028093,-0.029376,0.029982739795659675,-0.014020722977867533,0.002306410599764221,0.005192611447143678,-0.007009380040307669,-0.020642430369585824,-0.029448061325543975,-0.039368085685249,448,710,388,483,534,543
2023-11,0.001283,0.000892,-0.00039100000000000007,0.05519608686801392,-0.0064955067822815675,0.05487234990751471,0.05880481796273208,0.03959071758153045,-0.008243703999291524,0.0018764140848973893,-0.005953085237870401,448,710,388,483,534,543
2023-12,0.001283,-0.019515,-0.020798,0.0015570258537742493,0.005255615593576759,-0.017404826135779813,-0.01815131921695998,-0.020054711335050508,-0.02760912230131967,-0.018224806032897917,-0.014448005914895456,448,710,388,483,534,543
2024-01,0.001283,-0.071049,-0.07233200000000001,-0.10462906947513052,0.11478940153632881,-0.1929236584442153,-0.19134389448888453,-0.14446162232545584,-0.15312433512276827,-0.08971006354152578,0.027992431831129903,448,710,388,483,534,543
2024-02,0.0012,0.080776,0.079576,-0.08681321887254183,-0.04460588654764107,0.01760396527885948,0.020351725573254528,-0.009885859837658691,0.12108363261783522,0.1080641703751743,0.05936168463907127,448,710,388,483,534,542
2024-03,0.0012,0.015319,0.014119,0.052708948921820584,0.005637608748203824,0.05780750609677484,0.07238405082739521,0.06442344316099134,0.0027261341506915867,0.026376604586125323,0.00738541458288273,448,710,388,483,534,542
2024-04,0.0012,0.018074,0.016874,-0.05941460257205597,0.03483395181005507,-0.06627879746561524,-0.026578506643382654,-0.01810829992243057,0.0076062885478562995,0.030568220512101386,0.029103694624781754,447,709,388,483,534,542
2024-05,0.0012,-0.005255,-0.006455,-0.01971399368109049,0.02918000209834834,-0.04082883650771742,-0.023286769189021086,-0.014390565905117838,-0.02339554926577948,-0.004494825621123016,0.00852618432831762,443,703,386,483,534,541
2024-06,0.0012,-0.036802,-0.038002,-0.06544810460922587,0.0360521756529383,-0.1073609664410216,-0.09643604021598338,-0.09960502405177218,-0.072229043907602,-0.026948037982522786,-0.007880634990974815,447,702,385,483,534,541
2024-07,0.001118,-0.000149,-0.0012670000000000001,0.02390435149043429,0.020750681428109922,0.015613018686437602,0.004489662230380084,0.038907152857252915,-0.010562518052451949,-0.009785413277732918,0.007644710632952588,530,684,348,407,574,596
2024-08,0.001118,-0.029908,-0.031026,0.0008107657656792056,0.004468708183597736,-0.028382616379573327,-0.02917018729517469,-0.03792399604457642,-0.03917239207651654,-0.038043108895527526,-0.020693596044317985,528,682,347,407,574,595
2024-09,0.001118,0.179573,0.178455,0.02195043245258721,-0.03281355609571793,0.2149668384193467,0.1951350662707274,0.21318944972064047,0.2215523355141725,0.17818510951733751,0.1577026120214429,528,681,346,407,574,595
2024-10,0.001118,-0.012093,-0.013211,0.11520125649987384,-0.02436908422543366,0.12456578407668698,0.08363890566601222,0.07763194745246721,-0.02602637488281413,-0.005910050712179307,-0.027830706709461688,528,681,346,407,574,595
2024-11,0.001118,0.008954,0.007836,0.05307301578849015,0.0020486059664804462,0.05345207879873027,0.052040438682509724,0.06753061931110847,0.016951924570270612,-0.010118431134245917,0.006970595990853301,528,681,347,407,574,595
2024-12,0.001118,0.003834,0.002716,-0.05469841770262095,0.03191271070152109,-0.06343301948999752,-0.04513258848492191,-0.047909714086343425,-0.01703216396575017,-0.006617857021287742,0.03126995203363791,526,681,347,407,574,595
2025-01,0.001118,-0.027389,-0.028507,0.0027648615130740836,-0.011558225368339482,-0.020752113787781325,-0.010609206486167063,-0.0403328956371341,-0.027076088802464503,-0.022300953958049548,-0.03061175768979068,528,681,347,406,574,595
2025-02,0.001118,0.021087,0.019969,0.05430794897603246,-0.04111056178572895,0.09261384778821627,0.07693721213009856,0.061108472287725105,0.04823255235133531,0.021986328646238708,-0.0024831957196314288,528,681,347,407,574,595
2025-03,0.000912,0.006764,0.0058519999999999996,-0.01700718714213531,0.004506451863628439,-0.019113920435561527,0.007850355768550185,-0.01726824705366922,0.0020950500686120785,0.011132419223136646,0.009262280413976648,527,681,347,406,574,594
2025-04,0.000912,-0.023043,-0.023955,0.014775252229529637,0.01655622081806507,-0.028342178328394554,-0.004179021494921955,-0.0014435733876539795,-0.022274367673296377,-0.03995563124835621,-0.016060530977906808,527,681,347,406,573,594
2025-05,0.000788,0.026746,0.025958,0.045586190206245034,0.014030616576643656,0.05939297173563801,0.07597291462562764,0.05977349821121666,0.00299855195923555,0.024703003357567435,0.030679258636944214,523,680,344,406,573,591
2025-06,0.000788,0.033324,0.032536,0.01881473613096755,-0.007852914600871744,0.06340151837729668,0.05503469512452747,0.024405630893332746,0.015153851498115632,0.03279987472380254,0.03844390978033607,527,680,346,406,573,591
2025-07,0.000788,0.041299,0.040511000000000005,-0.006070842874074708,0.002619390587305405,0.027080417176099093,0.03753348353928575,0.04698808872752631,0.05028881868139023,0.04390577107917123,0.03561992830457383,478,668,420,463,586,521
2025-08,0.000788,0.073794,0.073006,-0.02858258350376723,-0.06161020515099092,0.058709698884693684,0.06563148366062238,0.044458304928781785,0.13979689924293626,0.08392245584559696,0.030827882896866308,475,669,419,463,586,521
2025-09,0.000788,0.00505,0.004262,-0.0037828991640881833,-0.023810377933845484,-0.003370312811562408,0.005114250079089783,0.018142736458043512,0.0395112440630755,0.021346688228981333,-0.02962256107422139,475,669,419,463,586,520
2025-10,0.000788,0.020933,0.020145,0.01710411463606235,0.04461096455392321,0.02471323772885495,0.025849122659800376,0.04999230927003667,-0.014020621714910956,0.013340711613662157,0.049922235851753746,474,669,419,463,586,520
2025-11,0.000788,-0.013307,-0.014095,0.03368968050618065,0.009971861699773894,0.023677435184194923,0.020714182778824808,0.0003632366071304916,-0.040324649637051346,-0.01892280965090127,0.0029332723395608744,474,669,419,463,586,520
2025-12,0.000788,0.024296,0.023508,-0.02069272598680463,-0.006326414166393189,-0.0020330611561515913,0.023491760657101308,0.0018847795169032466,0.028265224502366598,0.04546187697937488,0.011694555496525382,474,669,418,463,586,520
